-- Script to update BDO DB version 2.0 [FR-08]
-- Generated: 2018-11-23 10:39
-- Model: XXBDO
-- Version: 2.0
-- Project: Oxxo al día
-- Author: Adrián Zenteno <azlara@gmail.com>

SET @OLD_UNIQUE_CHECKS=@@UNIQUE_CHECKS, UNIQUE_CHECKS=0;
SET @OLD_FOREIGN_KEY_CHECKS=@@FOREIGN_KEY_CHECKS, FOREIGN_KEY_CHECKS=0;
SET @OLD_SQL_MODE=@@SQL_MODE, SQL_MODE='ONLY_FULL_GROUP_BY,STRICT_TRANS_TABLES,NO_ZERO_IN_DATE,NO_ZERO_DATE,ERROR_FOR_DIVISION_BY_ZERO,NO_ENGINE_SUBSTITUTION';

USE `xxbdo`;

CREATE TABLE IF NOT EXISTS `xxbdo_version_estandares` (
  `id` VARCHAR(36) NOT NULL,
  `titulo` VARCHAR(45) NOT NULL,
  `descripcion` VARCHAR(45) NULL DEFAULT NULL,
  `es_default` TINYINT(4) NULL DEFAULT NULL,
  `activo` TINYINT(4) NULL DEFAULT NULL,
  `usuario` VARCHAR(100) NULL DEFAULT NULL,
  `ip_address` VARCHAR(64) NULL DEFAULT NULL,
  `fecha_creacion` TIMESTAMP NULL DEFAULT NULL,
  `fecha_modificacion` TIMESTAMP NULL DEFAULT NULL,
  PRIMARY KEY (`id`),
  UNIQUE INDEX `titulo_UNIQUE` (`titulo` ASC))
ENGINE = InnoDB
DEFAULT CHARACTER SET = utf8;

--
-- Dumping data for table `xxbdo_version_estandares`
--
INSERT INTO `xxbdo_version_estandares` (`id`, `titulo`, `descripcion`, `es_default`, `activo`, `usuario`, `ip_address`, `fecha_creacion`, `fecha_modificacion`) VALUES
('13d772fa-826b-424f-802e-63da4777e33c', 'Estándares Operativos Versión 23', NULL, 1, 1, NULL, '127.0.0.1', '2018-10-17 05:00:00', '2018-10-17 05:00:00'),
('59c3037c-ee96-4bdb-8125-bec8e1c819bc', 'Estándares Operativos Versión 22', NULL, 0, 1, NULL, '127.0.0.1', '2018-10-17 05:00:00', '2018-10-17 05:00:00');


CREATE TABLE IF NOT EXISTS `xxbdo_areas_grupos` (
  `id` VARCHAR(36) NOT NULL,
  `titulo` VARCHAR(100) NOT NULL,
  `descripcion` TEXT NULL DEFAULT NULL,
  `tipo` CHAR(1) NOT NULL,
  `es_default` TINYINT(4) NULL DEFAULT 0,
  `activo` TINYINT(4) NULL DEFAULT 1,
  `usuario` VARCHAR(100) NULL DEFAULT NULL,
  `ip_address` VARCHAR(64) NULL DEFAULT NULL,
  `fecha_creacion` TIMESTAMP NULL DEFAULT NULL,
  `fecha_modificacion` TIMESTAMP NULL DEFAULT NULL,
  PRIMARY KEY (`id`),
  UNIQUE INDEX `XXBDO_AREAS_GRUPOS_TIPO_UDX` (`tipo` ASC))
ENGINE = InnoDB
DEFAULT CHARACTER SET = utf8;

--
-- Dumping data for table `xxbdo_areas_grupos`
--
INSERT INTO `xxbdo_areas_grupos` (`id`, `titulo`, `descripcion`, `tipo`, `es_default`, `activo`, `usuario`, `ip_address`, `fecha_creacion`, `fecha_modificacion`) VALUES
('698d2abc-daad-4398-89e9-ad92fca812ae', 'Estándares Operativos Semanales', 'Grupo De Estándares Operativos Semanales', 'S', 0, 1, NULL, NULL, '2018-10-22 05:00:00', '2018-10-22 05:00:00'),
('86392947-9a57-46c0-a16f-f2f4e5c0745d', 'Estándares Libres', 'Grupo De Estándares Libres Por Tienda', 'L', 0, 1, NULL, NULL, '2018-10-22 05:00:00', '2018-10-22 05:00:00'),
('ad642ddf-3050-4284-8f1b-42604d38f164', 'Estándares Operativos Mensuales', 'Grupo De Estándares Operativos Mensuales', 'M', 0, 1, NULL, NULL, '2018-10-22 05:00:00', '2018-10-22 05:00:00'),
('f1fe43c0-7c93-4342-98e0-f5be8bc3a7fb', 'Estándares Operativos Diarios', 'Grupo De Estándares Operativos Diarios', 'D', 1, 1, NULL, NULL, '2018-10-22 05:00:00', '2018-10-22 05:00:00');


CREATE TABLE IF NOT EXISTS `xxbdo_indicadores` (
  `id` VARCHAR(36) NOT NULL,
  `titulo` VARCHAR(100) NOT NULL,
  `descripcion` TEXT NULL DEFAULT NULL,
  `tipo` CHAR(1) NOT NULL,
  `activo` TINYINT(4) NULL DEFAULT NULL,
  `usuario` VARCHAR(100) NULL DEFAULT NULL,
  `ip_address` VARCHAR(64) NULL DEFAULT NULL,
  `fecha_creacion` TIMESTAMP NULL DEFAULT NULL,
  `fecha_modificacion` TIMESTAMP NULL DEFAULT NULL,
  PRIMARY KEY (`id`))
ENGINE = InnoDB
DEFAULT CHARACTER SET = utf8;

--
-- Dumping data for table `xxbdo_indicadores`
--
INSERT INTO `xxbdo_indicadores` (`id`, `titulo`, `descripcion`, `tipo`, `activo`, `usuario`, `ip_address`, `fecha_creacion`, `fecha_modificacion`) VALUES
('202b995f-f4fe-4805-8a61-1ec28fcc7c73', 'Ev.. 5S + 1', 'Ev.. 5S + 1', 'S', 1, NULL, NULL, '2018-10-25 05:00:00', '2018-10-25 05:00:00'),
('222968a6-d9ea-46de-aa5c-c9412167972d', 'Ev.. Operativa Sección Limpieza', 'Ev.. Operativa Sección Limpieza', 'M', 1, NULL, NULL, '2018-10-25 05:00:00', '2018-10-25 05:00:00'),
('222eb7fa-71f4-44be-9057-edf33fd98cc7', 'Ev. Operativa Puntos Cuarto Frío', 'Ev. Operativa Puntos Cuarto Frío', 'M', 1, NULL, NULL, '2018-10-25 05:00:00', '2018-10-25 05:00:00'),
('2c09cdc0-4e93-4f28-9d78-0158c8a566c6', 'Rotación', 'Rotación', 'M', 1, NULL, NULL, '2018-10-25 05:00:00', '2018-10-25 05:00:00'),
('2cd8037e-e777-4db4-8fa5-9ce702b5343f', 'Exhibición Real Roller', 'Exhibición Real Roller', 'S', 1, NULL, NULL, '2018-10-25 05:00:00', '2018-10-25 05:00:00'),
('469f5845-1498-4ae8-a0c2-d30e2b806e09', 'Ev.. Operativa Sección Rapidez', 'Ev.. Operativa Sección Rapidez', 'M', 1, NULL, NULL, '2018-10-25 05:00:00', '2018-10-25 05:00:00'),
('4fd79d79-9e95-4b1e-85f0-bdd750214c8f', 'Scorecard preinventarios/ Entrega de Valores', 'Scorecard preinventarios/ Entrega de Valores', 'M', 1, NULL, NULL, '2018-10-25 05:00:00', '2018-10-25 05:00:00'),
('59a7c719-36af-415f-a176-558bbf2f3794', 'Venta sugerida', 'Venta sugerida', 'S', 1, NULL, NULL, '2018-10-25 05:00:00', '2018-10-25 05:00:00'),
('5c5bd2dc-c4fe-42cd-affa-52d693389d5b', 'Veracidad de Inventarios', 'Veracidad de Inventarios', 'S', 1, NULL, NULL, '2018-10-25 05:00:00', '2018-10-25 05:00:00'),
('5de6ee9f-7186-4ee2-978c-b71727e3e0d8', 'Planogramas (Charola/Mueble)', 'Planogramas (Charola/Mueble)', 'M', 1, NULL, NULL, '2018-10-25 05:00:00', '2018-10-25 05:00:00'),
('5e9e6b32-8d7a-43ad-8145-2ba627f2b67d', 'Conteos', 'Conteos', 'S', 1, NULL, NULL, '2018-10-25 05:00:00', '2018-10-25 05:00:00'),
('5f128883-45d3-42b0-bfc5-07790eac9215', 'Exhibición Real Americano', 'Exhibición Real Americano', 'S', 1, NULL, NULL, '2018-10-25 05:00:00', '2018-10-25 05:00:00'),
('6568ab1b-2ff9-40ad-8b09-5663ddddcf5a', 'MEP POP', 'MEP POP', 'M', 1, NULL, NULL, '2018-10-25 05:00:00', '2018-10-25 05:00:00'),
('7af2d792-0453-4cca-ba4c-243edcc06526', 'Usuarios activos', 'Usuarios activos', 'S', 1, NULL, NULL, '2018-10-25 05:00:00', '2018-10-25 05:00:00'),
('a2738a70-7352-4b7b-a63f-663fdb2ee89e', 'Ev.. Donas a Granel', 'Ev.. Donas a Granel', 'M', 1, NULL, NULL, '2018-10-25 05:00:00', '2018-10-25 05:00:00'),
('ad340633-9e7d-412f-a0b8-7b4f905a69ec', 'Protocolo de Servicio', 'Protocolo de Servicio', 'M', 1, NULL, NULL, '2018-10-25 05:00:00', '2018-10-25 05:00:00'),
('ad3846a4-15b3-47a0-a775-2e1a5ce2e20f', 'Resultado de Inventario', 'Resultado de Inventario', 'M', 1, NULL, NULL, '2018-10-25 05:00:00', '2018-10-25 05:00:00'),
('ae77c68b-3e63-4f96-9426-aec3f553b845', 'MEP P.P.', 'MEP P.P.', 'M', 1, NULL, NULL, '2018-10-25 05:00:00', '2018-10-25 05:00:00'),
('b1e27dfd-e37a-455e-b668-ccda29db8e9f', 'Ev.. Operativa Sección Abasto', 'Ev.. Operativa Sección Abasto', 'M', 1, NULL, NULL, '2018-10-25 05:00:00', '2018-10-25 05:00:00'),
('b49f07bc-93e7-4eab-b3f6-ae65bb60d91c', 'Cobertura', 'Cobertura', 'S', 1, NULL, NULL, '2018-10-25 05:00:00', '2018-10-25 05:00:00'),
('bbfe5636-4304-4b9d-810a-178fad1130e6', 'Ev.. Operativa Sección Atención', 'Ev.. Operativa Sección Atención', 'M', 1, NULL, NULL, '2018-10-25 05:00:00', '2018-10-25 05:00:00'),
('c16be293-3f3a-4b98-81b1-4d5334cff7f6', 'Equipos Capacitados', 'Equipos Capacitados', 'M', 1, NULL, NULL, '2018-10-25 05:00:00', '2018-10-25 05:00:00'),
('db3ba55e-145b-4429-8050-42c195d15ab7', 'Vector Gente', 'Vector Gente', 'S', 1, NULL, NULL, '2018-10-25 05:00:00', '2018-10-25 05:00:00'),
('ddd7944c-088a-49df-a7ea-f128fea386c8', 'Scorecard Calidad de Producto', 'Scorecard Calidad de Producto', 'M', 1, NULL, NULL, '2018-10-25 05:00:00', '2018-10-25 05:00:00'),
('e0f79432-a0e5-47c9-9692-9cd59a039d0c', 'Scorecard Etiqueteo', 'Scorecard Etiqueteo', 'M', 1, NULL, NULL, '2018-10-25 05:00:00', '2018-10-25 05:00:00'),
('ee838814-41d5-43a0-a289-48357aa68fb8', '% Cumplimiento a devoluciones diarias', '% Cumplimiento a devoluciones diarias', 'S', 1, NULL, NULL, '2018-10-25 05:00:00', '2018-10-25 05:00:00'),
('fc5bb88c-0753-4b89-b2ba-25a69a81c62f', 'Equipos Completos', 'Equipos Completos', 'M', 1, NULL, NULL, '2018-10-25 05:00:00', '2018-10-25 05:00:00');


CREATE TABLE IF NOT EXISTS `xxbdo_evaluacion_indicadores` (
  `id` VARCHAR(36) NOT NULL,
  `xxbdo_checklists_id` VARCHAR(36) NOT NULL,
  `cr_plaza` VARCHAR(5) NOT NULL,
  `cr_tienda` VARCHAR(5) NOT NULL,
  `xxbdo_areas_estandares_id` VARCHAR(36) NOT NULL,
  `xxbdo_indicadores_id` VARCHAR(36) NOT NULL,
  `fecha_inicio` DATE NOT NULL,
  `fecha_fin` DATE NOT NULL,
  `evaluacion` VARCHAR(50) NULL DEFAULT NULL,
  `orden` INT(11) NULL DEFAULT 0,
  `activo` TINYINT(4) NULL DEFAULT NULL,
  `usuario` VARCHAR(100) NULL DEFAULT NULL,
  `ip_address` VARCHAR(64) NULL DEFAULT NULL,
  `fecha_creacion` TIMESTAMP NULL DEFAULT NULL,
  `fecha_modificacion` TIMESTAMP NULL DEFAULT NULL,
  PRIMARY KEY (`id`),
  INDEX `XXBDO_EVAL_IND_CHECKLISTS_ID_IDX` (`xxbdo_checklists_id` ASC),
  INDEX `XXBDO_EVAL_IND_INDICADORES_ID_IDX` (`xxbdo_indicadores_id` ASC),
  INDEX `XXBDO_EVAL_IND_AREAS_STDS_ID_IDX` (`xxbdo_areas_estandares_id` ASC),
  INDEX `XXBDO_EVAL_INDS_RANGO_FECHAS_IDX` (`fecha_inicio` ASC, `fecha_fin` ASC),
  CONSTRAINT `XXBDO_EVAL_IND_CHECKLISTS_ID_FK`
    FOREIGN KEY (`xxbdo_checklists_id`)
    REFERENCES `xxbdo_checklists` (`id`)
    ON DELETE NO ACTION
    ON UPDATE NO ACTION,
  CONSTRAINT `XXBDO_EVAL_IND_INDICADORES_ID_FK`
    FOREIGN KEY (`xxbdo_indicadores_id`)
    REFERENCES `xxbdo_indicadores` (`id`)
    ON DELETE NO ACTION
    ON UPDATE NO ACTION,
  CONSTRAINT `XXBDO_EVAL_IND_AREAS_STDS_ID_FK`
    FOREIGN KEY (`xxbdo_areas_estandares_id`)
    REFERENCES `xxbdo_areas_estandares` (`id`)
    ON DELETE NO ACTION
    ON UPDATE NO ACTION)
ENGINE = InnoDB
DEFAULT CHARACTER SET = utf8;

ALTER TABLE `xxbdo_estandares` 
DROP FOREIGN KEY `XXBDO_ESTANDARES_CHECKLISTS_FK`;

ALTER TABLE `xxbdo_areas` 
DROP FOREIGN KEY `XXBDO_AREAS_CHECKLISTS_ID_FK`;

ALTER TABLE `xxbdo_areas` 
DROP COLUMN `xxbdo_checklists_id`,
ADD COLUMN `xxbdo_version_estandares_id` VARCHAR(36) NOT NULL AFTER `id`,
ADD COLUMN `xxbdo_areas_grupos_id` VARCHAR(36) NOT NULL AFTER `xxbdo_version_estandares_id`,
ADD INDEX `XXBDO_AREAS_VERSION_STDS_ID_IDX` (`xxbdo_version_estandares_id` ASC),
ADD INDEX `XXBDO_AREAS_GRUPOS_ID_IDX` (`xxbdo_areas_grupos_id` ASC),
DROP INDEX `XXBDO_AREAS_CHECKLISTS_IDX` ;
;

-- Insert new areas
-- SELECT * FROM xxbdo_development_20181123.`xxbdo_areas` WHERE `id` NOT IN(SELECT `id` FROM xxbdo_production_20181123.xxbdo_areas WHERE 1);
-- Update existing areas
-- SELECT `id` FROM xxbdo_development_20181123.`xxbdo_areas` WHERE `id` IN(SELECT `id` FROM xxbdo_production_20181123.xxbdo_areas WHERE 1);
-- clear xxbdo_areas table:
TRUNCATE `xxbdo_areas`;

-- fill xxbdo areas with new fields:
INSERT INTO `xxbdo_areas` (`id`, `xxbdo_version_estandares_id`, `xxbdo_areas_grupos_id`, `titulo`, `descripcion`, `orden`, `activo`, `usuario`, `ip_address`, `fecha_creacion`, `fecha_modificacion`) VALUES
('05945805-14d2-4d8f-ad39-57b5cfb9d4e6', '59c3037c-ee96-4bdb-8125-bec8e1c819bc', 'f1fe43c0-7c93-4342-98e0-f5be8bc3a7fb', 'Piso de Venta', 'Piso de Venta', 5, 1, NULL, NULL, '2018-08-02 10:05:00', '2018-08-02 10:05:00'),
('2a5e604f-d51f-488a-bd53-45aa9c3110d2', '59c3037c-ee96-4bdb-8125-bec8e1c819bc', 'f1fe43c0-7c93-4342-98e0-f5be8bc3a7fb', 'Baños', 'Baños', 9, 1, NULL, NULL, '2018-08-02 10:08:00', '2018-08-02 10:08:00'),
('2b82c683-e879-4ca4-bcf7-2118e450cd07', '13d772fa-826b-424f-802e-63da4777e33c', 'f1fe43c0-7c93-4342-98e0-f5be8bc3a7fb', 'Cliente', 'Cliente', 5, 1, NULL, NULL, '2018-10-18 05:00:00', '2018-10-18 05:00:00'),
('31d82dac-6577-4bae-a060-1eb92e9a1f8c', '59c3037c-ee96-4bdb-8125-bec8e1c819bc', 'f1fe43c0-7c93-4342-98e0-f5be8bc3a7fb', 'Bodega', 'Bodega', 10, 1, NULL, NULL, '2018-08-02 10:00:00', '2018-08-02 10:00:00'),
('4e37ad59-ee50-48dd-876e-a711d3ef8f33', '59c3037c-ee96-4bdb-8125-bec8e1c819bc', 'f1fe43c0-7c93-4342-98e0-f5be8bc3a7fb', 'Exterior', 'Exterior', 2, 1, NULL, NULL, '2018-08-02 10:01:00', '2018-08-02 10:01:00'),
('4f40042a-c1e0-4348-b368-6a92b9106d59', '59c3037c-ee96-4bdb-8125-bec8e1c819bc', 'f1fe43c0-7c93-4342-98e0-f5be8bc3a7fb', 'Mantenimiento', 'Mantenimiento', 16, 1, NULL, NULL, '2018-08-02 10:00:00', '2018-08-02 10:00:00'),
('693b3a1e-e48a-425a-80be-33f8163be4ef', '59c3037c-ee96-4bdb-8125-bec8e1c819bc', 'f1fe43c0-7c93-4342-98e0-f5be8bc3a7fb', 'Isla', 'Isla', 3, 1, NULL, NULL, '2018-08-02 10:03:00', '2018-08-02 10:03:00'),
('75599092-9aee-4f4b-ac9b-ed8eab665c95', '59c3037c-ee96-4bdb-8125-bec8e1c819bc', 'f1fe43c0-7c93-4342-98e0-f5be8bc3a7fb', 'Indicadores', 'Indicadores', 13, 1, NULL, NULL, '2018-08-02 10:00:00', '2018-08-02 10:00:00'),
('89fe1a14-aefd-4592-9477-7732c6824bc3', '59c3037c-ee96-4bdb-8125-bec8e1c819bc', 'f1fe43c0-7c93-4342-98e0-f5be8bc3a7fb', 'Comida Rápida', 'Comida Rápida', 4, 1, NULL, NULL, '2018-08-02 10:04:00', '2018-08-02 10:04:00'),
('98a323e4-c182-4925-bf10-597cf897e65d', '13d772fa-826b-424f-802e-63da4777e33c', 'f1fe43c0-7c93-4342-98e0-f5be8bc3a7fb', 'Gente', 'Gente', 3, 1, NULL, NULL, '2018-10-18 05:00:00', '2018-10-18 05:00:00'),
('999b6f9c-c9fc-47f2-936a-8b0f0dc028c6', '59c3037c-ee96-4bdb-8125-bec8e1c819bc', 'f1fe43c0-7c93-4342-98e0-f5be8bc3a7fb', 'Inventario', 'Inventario', 15, 1, NULL, NULL, '2018-08-02 10:00:00', '2018-08-02 10:00:00'),
('a8b22dd5-c25d-41ac-a64d-edb1ed3e2966', '13d772fa-826b-424f-802e-63da4777e33c', '698d2abc-daad-4398-89e9-ad92fca812ae', 'Indicadores', 'Indicadores', 1, 1, NULL, NULL, '2018-10-22 05:00:00', '2018-10-22 05:00:00'),
('ad03365b-3c1d-464f-96e5-84c47e5f8793', '59c3037c-ee96-4bdb-8125-bec8e1c819bc', 'f1fe43c0-7c93-4342-98e0-f5be8bc3a7fb', 'Generales', 'Generales', 11, 1, NULL, NULL, '2018-08-02 10:00:00', '2018-08-02 10:00:00'),
('ad51f09c-9378-42c3-9626-c52dc960a924', '59c3037c-ee96-4bdb-8125-bec8e1c819bc', 'f1fe43c0-7c93-4342-98e0-f5be8bc3a7fb', 'Hieleras', 'Hieleras', 6, 1, NULL, NULL, '2018-08-02 10:00:00', '2018-08-02 10:00:00'),
('b2dd8e33-1218-48e6-b40e-806a03758919', '13d772fa-826b-424f-802e-63da4777e33c', '698d2abc-daad-4398-89e9-ad92fca812ae', 'Mantenimiento', 'Mantenimiento', 2, 1, NULL, NULL, '2018-10-22 05:00:00', '2018-10-22 05:00:00'),
('c6ed0801-ef73-4170-b7f7-b0641634c21d', '59c3037c-ee96-4bdb-8125-bec8e1c819bc', 'f1fe43c0-7c93-4342-98e0-f5be8bc3a7fb', 'Fact. Humano', 'Factor Humano', 14, 1, NULL, NULL, '2018-08-02 10:00:00', '2018-08-02 10:00:00'),
('d5d547f8-d5f5-4c37-b1f1-f3823e24bd19', '13d772fa-826b-424f-802e-63da4777e33c', '86392947-9a57-46c0-a16f-f2f4e5c0745d', 'Libre', 'Estándar Libre', 10, 1, NULL, NULL, '2018-10-25 05:00:00', '2018-10-25 05:00:00'),
('d761eb83-fbe9-44ea-a29e-d5acceea87cd', '59c3037c-ee96-4bdb-8125-bec8e1c819bc', 'f1fe43c0-7c93-4342-98e0-f5be8bc3a7fb', 'Frutero', 'Frutero', 7, 1, NULL, NULL, '2018-08-02 10:06:00', '2018-08-02 10:06:00'),
('d98928bd-d912-4fbd-a011-9fbe1f28988b', '59c3037c-ee96-4bdb-8125-bec8e1c819bc', 'f1fe43c0-7c93-4342-98e0-f5be8bc3a7fb', 'Promociones', 'Promociones', 12, 1, NULL, NULL, '2018-08-02 10:00:00', '2018-08-02 10:00:00'),
('df91e3ee-9be7-4765-9b59-1831e5b14655', '13d772fa-826b-424f-802e-63da4777e33c', 'f1fe43c0-7c93-4342-98e0-f5be8bc3a7fb', 'Ejecución', 'Ejecución', 4, 1, NULL, NULL, '2018-10-18 05:00:00', '2018-10-18 05:00:00'),
('e2f3bce7-84bf-4259-9d8a-c7797c66e2e1', '13d772fa-826b-424f-802e-63da4777e33c', 'f1fe43c0-7c93-4342-98e0-f5be8bc3a7fb', 'Servicio', 'Servicio', 1, 1, NULL, NULL, '2018-10-18 05:00:00', '2018-10-18 05:00:00'),
('e83e7229-75c3-4d0c-99a1-a5fd833184e2', '59c3037c-ee96-4bdb-8125-bec8e1c819bc', 'f1fe43c0-7c93-4342-98e0-f5be8bc3a7fb', 'Servicio', 'Servicio', 1, 1, NULL, NULL, '2018-08-02 10:00:00', '2018-08-02 10:00:00'),
('ec358c76-f92d-4c3a-9d34-6a79813cafce', '13d772fa-826b-424f-802e-63da4777e33c', 'ad642ddf-3050-4284-8f1b-42604d38f164', 'Cultura', 'Cultura', 1, 1, NULL, NULL, '2018-10-22 05:00:00', '2018-10-22 05:00:00'),
('ee5000d8-145f-40ef-bf32-835be99287ee', '13d772fa-826b-424f-802e-63da4777e33c', 'f1fe43c0-7c93-4342-98e0-f5be8bc3a7fb', 'Ingreso', 'Ingreso', 2, 1, NULL, NULL, '2018-10-18 05:00:00', '2018-10-18 05:00:00'),
('f123fb88-020d-4477-ae01-4505573d76b1', '59c3037c-ee96-4bdb-8125-bec8e1c819bc', 'f1fe43c0-7c93-4342-98e0-f5be8bc3a7fb', 'Cuarto Frío', 'Cuarto Frío', 8, 1, NULL, NULL, '2018-08-02 10:07:00', '2018-08-02 10:07:00');


ALTER TABLE `xxbdo_estandares` 
DROP COLUMN `xxbdo_checklists_id`,
ADD COLUMN `xxbdo_version_estandares_id` VARCHAR(36) NOT NULL AFTER `id`,
ADD COLUMN `tipo` CHAR(1) NOT NULL AFTER `xxbdo_version_estandares_id`,
ADD COLUMN `cr_plaza` VARCHAR(5) NULL DEFAULT NULL AFTER `tipo`,
ADD COLUMN `cr_tienda` VARCHAR(5) NULL DEFAULT NULL AFTER `cr_plaza`,
ADD COLUMN `es_visible` TINYINT(4) NULL DEFAULT 1 AFTER `descripcion`,
CHANGE COLUMN `estandar` `estandar` INT(11) NULL DEFAULT NULL ,
ADD INDEX `XXBDO_STDS_VERSION_STDS_ID_IDX` (`xxbdo_version_estandares_id` ASC),
ADD INDEX `XXBDO_STDS_PLAZA_TIENDA_IDX` (`cr_plaza` ASC, `cr_tienda` ASC),
ADD INDEX `XXBDO_STDS_TIPO_STD_IDX` (`tipo` ASC),
DROP INDEX `XXBDO_ESTANDARES_CHECKLISTS_IDX` ;
;

TRUNCATE `xxbdo_estandares`;

--
-- Dumping data for table `xxbdo_estandares`
--
INSERT INTO `xxbdo_estandares` (`id`, `xxbdo_version_estandares_id`, `tipo`, `cr_plaza`, `cr_tienda`, `estandar`, `titulo`, `orden`, `detalle`, `descripcion`, `es_visible`, `activo`, `usuario`, `ip_address`, `fecha_creacion`, `fecha_modificacion`) VALUES
('0b2d76d9-14d1-4bda-9c93-a20ec71294ef', '13d772fa-826b-424f-802e-63da4777e33c', 'L', '10MON', '50EDI', NULL, 'Alumbrado Pasillo Lateral', 1, 'Vista Exterior', 'Verificar que el alumbrado del pasillo lateral exterior del edificio esté activo', 1, 1, NULL, NULL, '2018-10-25 05:00:00', '2018-10-25 05:00:00'),
('14c2764c-82a2-4d59-a514-3ec5a0048a22', '13d772fa-826b-424f-802e-63da4777e33c', 'E', NULL, NULL, 19, 'Condiciones', 5, NULL, '1.- <b>Iluminación</b> de la Tienda (interior y exterior) de acuerdo a la hora del día. No focos y/o lámparas fundidos en exterior ni en piso de venta, bodega o cuarto frío. Anuncios (marquesina, paleta, cajeros automáticos), banqueta (plafón de marquesina, luces de pared y toldos) y estacionamiento (reflectores). Reflectores orientados hacia el estacionamiento. Acrílicos de luminarias limpios y en buen estado.<br><br>\r\n2.- <b>Exterior</b>: Basureros señalizados como orgánico e inorgánico (si aplica) y en buen estado. Marquesina sin golpes. Contenedor de basura en buen estado, con tapa  candado (si aplica) y sin graffitis. Plafones completos y no dañados. Teléfonos públicos con calcomanías bien adheridas y funcionando. Equipo de proveedores (hielo, agua, teléfonos públicos) sin graffiti y en buenas condiciones. Portabanner bien instalado y en  buen estado.<br><br>\r\n3.- <b>Equipo de Isla</b> (los que apliquen) y vidrio de escáner (si aplica) en buen estado. Refrigeradores en buen estado sin exceso de escarcha, sin lámparas fundidas y con puerta bien cerrada.<br><br>\r\n4.- <b>Piso de Venta y Bodega</b>: Temperatura ambiente en el piso de venta es agradable (si se cuenta con termostato o indicador de temperatura a la vista deberá marcar entre 22ºC y 26ºC).  En las Tiendas con aire acondicionado la puerta de acceso a la Tienda se encuentra cerrada y sólo se abre cuando entra y sale gente. Paletero sin exceso de escarcha de hielo, con rejillas despejadas, exterior en  buen estado y con calcomanías bien pegadas. Cajero automático y/o caseta telefónica (si aplican) operando correctamente y limpios. Parrilla de Punto Frío sin polvo o pelusa. Máquinas de Fast Food bebidas (café grano, frappé, capuchino) operando correctamente de acuerdo a la guía rápida de operación. Equipo de comida rápida en buen estado y termómetro (si aplica) funcionando. Máquina de hielo (si aplica en la plaza) operando correctamente, sin goteras, fugas y filtraciones de agua, depósito de hielo funcionando y limpio. Hielera de cerveza sin óxido, manchas, en  buen estado (sin roturas o decoloración), incluyendo estructura, tapas, desagüe y cubetas de desagüe. Equipo de aire acondicionado en  buen estado. Nota: los paleteros, equipos eléctricos o transformadores se encuentran separados al menos 10 cm de la pared u otros objetos. Sin reguladores de voltaje en piso de venta. Góndola mercancías generales (Novelty) o exhibidor pentagonal exhibido en piso de venta de acuerdo al layout de tienda , en buen estado, limpio y con su material POP instalado. Mobiliario de madera en buen estado. Bomba de agua funcionando. Equipo de cómputo en bodega (si aplica) instalado correctamente con base en lo definido. Paredes, ventanas, extractores, plafones y rejilla de aire acondicionado limpios y en buen estado Plafones no rotos o dañados, ni huecos en el techo por falta del mismo. Góndolas en  buen estado  y no despintadas. Pisos no quebrados, despostillados o manchados. Puerta principal en buen estado operando correctamente. Sin manchas por filtraciones en paredes ni goteras en el techo. Mesas/barras y bancos/sillas de Comida Rápida en buen estado. Sin restos de alimentos, basura o  insectos/fauna en el área de comida y Tienda. Con certificado de fumigación vigente. Puerta de bodega en buen estado cerrando correctamente, con cubre polvos y sin huecos o aberturas en sus lados. Sin mercancía, equipo o productos en la parte superior del Cuarto Frío.  Tarja y pileta limpia y en buen estado. Disponibilidad de agua para la operación. Drenaje y fosa séptica de la Tienda en buen estado, sin tuberías o coladeras abiertas y expuestas. Ventanas o rejillas de bodega con malla protectora. Sin huecos en las paredes e instalaciones eléctricas.<br><br>\r\n5.- Refrigerador de hielo \"del proveedor\" (la perilla debe encontrarse en el punto medio del rango del termostato). En Cuarto Frío, (incluyendo cámaras de hielo), la temperatura está dentro de rango establecido, verificar que los difusores estén libres de hielo. Verificar que no haya ruido excesivo o fuera de lo normal en los motores, ni fugas de aire  o agua en las cámaras. Al abrir completamente las puertas se mantienen abiertas; en caso contrario deben cerrarse por sí mismas a \"presión\" (que cierren \"de regreso\"). Puertas no desniveladas.  Empaques de las puertas en buen estado. Existencia de cortina de PVC (hawaiana) limpia y en buen estado. En caso de contar con máquina de hielo que esté en buen estado, la puerta debe permanecer cerrada cuando no se utilice y las rejillas de ventilación despejadas. Parrillas y deslizadores en buen estado. Parrillas no oxidadas. Sólo exhibidores y productos autorizados para el cuarto frío. Nota: no colocar cartones, acrílicos o algún otro material en las parrillas. Productos ordenados (apilados a una distancia mínima de 40 cms. de las parrillas y difusores). Las parrillas tienen la inclinación correcta (multiempaque cero inclinación, productos chicos nivel 2, productos medianos nivel 1 o 2 y productos grandes nivel 1). En parrillas combinadas se usa el acrílico y la inclinación del producto más grande.  Aplicación del 5S + 1 en cuarto frío.<br><br>\r\n6.- <b>Baños</b> de Empleados y Públicos, Inodoro, mingitorio, lavamanos, porta rollo, papel para secar las manos y jabonera, funcionando y en óptimas condiciones (sin fuga de agua, roturas, astillados, quebrados). Inodoro con asiento de acuerdo al tamaño y forma del inodoro, no roto, y funcionando correctamente. Piso no quebrado ni despostillado. Puerta de acceso y/o puerta de baño operando correctamente y funcionando la chapa y el seguro.', 1, 1, NULL, NULL, '2018-10-22 05:00:00', '2018-10-22 05:00:00'),
('1611a8be-fca2-4d9b-ba5e-010915372afe', '13d772fa-826b-424f-802e-63da4777e33c', 'E', NULL, NULL, 10, 'Comida rápida', NULL, '- Estándares FF/ Insumos/ Caducidad/ Limpios/ Limpieza del área/ Utensilios', 'Todos los conceptos de <b>Fast Food Alimentos y Bebidas</b> que aplican para la tienda se ejecutan según lo definido en base al <b>Anexo a Estándares de Fast Food</b>.<br><br>\r\n1.- Todos los equipos de Fast Food limpios interna y externamente, con vestido y piezas completas y en buen estado.<br><br>\r\n2.- <b>Limpieza</b> del piso, panel duela (si aplica), muebles de comida rápida y café. Botes de basura con bolsa no más de 3/4 de su capacidad y señalizados como Orgánico e Inorgánico, con bolsa blanca para Inorgánico y negra para Orgánico (si aplica). Área libre de malos olores.<br><br>\r\n3.- <b>Utensilios</b> disponibles, limpios y en buen estado.', 1, 1, NULL, NULL, '2018-10-18 00:00:00', '2018-10-18 00:00:00'),
('2419f224-6ac7-440d-b32d-3d172ecbdbca', '13d772fa-826b-424f-802e-63da4777e33c', 'E', NULL, NULL, 5, 'Manejo de gente', NULL, '- 2XTurno /Nuevo con Líder/ Hora salida/ Vacaciones /Balanceo /Descanso /Plan horario / Alimentación /Cargas de Trabajo/ Tarjeta bancaria', '1.- Contar con mínimo <b>dos empleados por turno</b>, incluyendo al Líder de Tienda.<br><br>\r\n2.- <b>Acompañamiento</b> del Líder de Tienda a empleados nuevos en los primeros 15 días.<br><br>\r\n3.- <b>Salida</b> de turno a tiempo.<br><br>\r\n4.- Cumplir con el rol anual de <b>vacaciones</b>.<br><br>\r\n5.- <b>Balanceo</b> de asignación de tareas (Sem 1 60% ; Sem 2 65% ; Sem 3 70%  y  Sem 4 75%. ) y/o ATA´s <font color=red>especiales</font>.<br><br>\r\n6.- <b>Descanso</b> semanal.<br><br>\r\n7.- <b>Plan horario</b> acordado previo al inicio de la semana, considerando en lo posible temas del personal.  En el corcho y firmado por los empleados. Se cuenta con un tiempo para tomar los alimentos (sin Chaquetín).<br><br>\r\n8.- <font color=red>Se respeta horario establecido para <b>alimentación</b></font>.<br><br>\r\n9.- <b>Cargas de trabajo</b> buscando balance.<br><br>\r\n10.- Se paga a tiempo y completo (tiempos extras, días festivos , etc.), mediante <b>tarjeta bancaria</b> proporcionada por plaza.', 1, 1, NULL, NULL, '2018-10-18 00:00:00', '2018-10-18 00:00:00'),
('2c43a8c8-5757-4da2-8689-19047475d673', '59c3037c-ee96-4bdb-8125-bec8e1c819bc', 'E', NULL, NULL, 17, 'Etiqueteo', NULL, '', '1.- Etiquetas actualizadas corresponde al producto exhibido y muestra el precio correcto), completamente legible (no decolorada) y no rota.\r\n2.- Si el producto es más pequeño que la etiqueta se deberá poner al menos una etiqueta para todos los frentes. Para productos de misma presentación mismo sabor se coloca al menos una etiqueta para todos los frentes.\r\n3.- Etiquetas colocadas en portaetiquetas o holders institucionales y en  buen estado. No colocar etiquetas en la rejillas frontales del koxka.\r\n4.- Preciadores del canasto, de vinos y licores, exhibidores de telefonía y tecnología colocados frente al producto que hace referencia.\r\n5.- Producto que aplique con preciador de remate oficial.\r\n6.- Productos con misma presentación pero diferente sabor, deben tener el mismo precio. \r\n7.- Productos de cerveza que apliquen con etiqueta de precio multi-unidad y su etiqueta de precios individual. Si el producto tiene solo un frente, colocar etiqueta de precio individual.', 1, 1, NULL, '127.0.0.1', '2018-08-10 05:00:00', '2018-08-10 05:00:00'),
('2dff3cf3-3e73-4f80-b7b7-81fe3cc8e5fc', '59c3037c-ee96-4bdb-8125-bec8e1c819bc', 'E', NULL, NULL, 12, 'Frutero operación y manejo del área', NULL, '', '1.- Producto en frutero se encuentran en buen estado, limpio, sin daño aparente y acomodado adecuadamente;  apto para la venta (no sobremaduro).\r\n2.- Frutero limpio incluyendo las charolas, sin derrames de líquidos de frutas o verduras.\r\n3.- Bolsas disponibles para el cliente.\r\n4.- Nunca refrigerar plátano y cebolla. Plátano se exhibe inmediatamente después de recibido.', 1, 1, NULL, '127.0.0.1', '2018-08-10 05:00:00', '2018-08-10 05:00:00'),
('30a796b4-bbd4-4d8e-9b86-8940a7b1bea9', '13d772fa-826b-424f-802e-63da4777e33c', 'E', NULL, NULL, 3, 'Control', NULL, '- Preinventarios /Efectivo /Merma /Devolución', '1.- <b>Preinventarios</b> según Rol definido, utilizando plantillas y enfocados según programa a los artículos de mayor faltante, artículos en promoción, eliminación de artículos frecuentes, y de alto valor. Mínimo 2,500 conteos por semana y al menos 40% de cobertura.<br><br>\r\n2.- Se realizan las entregas de turnos y cierre de caja cuadrando el <b>efectivo</b>, se realizan arqueos y se mantiene un control exacto. La tómbola no está obstruida. Retiros de efectivo según los montos establecidos en la Plaza, se depositan de inmediato en tómbola y se cumple con el llenado del Control de Depósitos. Se cuenta con la papelería necesaria para la entrega de valores (papeletas, bolsas) y la entrega se asegura contra el catálogo de custodios. Se mantiene la morralla adecuada para dar servicio a nuestros clientes (fondo fijo).<br><br>\r\n3.- <b>Merma</b> bajo control. Los productos a mermar están en una bolsa de plástico en el contenedor de merma autorizado en el cuarto frío, capturados en la pre-merma.<br><br>\r\n4.- Los productos con <b>devolución</b> autorizada a Cedis y proveedores, se almacenan en el contenedor  de devoluciones y/o lugar definido por el Asesor una vez aplicada la devolución en sistema. Las devoluciones a IMMEX son del 1 al 15 y se entregan en presencia del vendedor.', 1, 1, NULL, NULL, '2018-10-18 00:00:00', '2018-10-18 00:00:00'),
('37de317a-1721-4206-99c1-acfb3b7e5dbf', '59c3037c-ee96-4bdb-8125-bec8e1c819bc', 'E', NULL, NULL, 5, 'Orden, limpieza y equipo de Isla', NULL, '', '1.- Libre de volantes, publicidad no autorizada, comida, merma, sillas o bancos excepto para personas contratadas con capacidades diferentes, personas de la tercera edad o mujeres embarazadas, pertenencias personales, información confidencial de la tienda a la vista del cliente, televisores, charolas de pan, personal no autorizado.\r\n2.- Orden y limpieza. El piso, los muebles y el equipo en general debe estar limpio y los cajones ordenados. Bolsas para el cliente disponibles y ordenadas. Tapete antifatiga en buen estado.\r\n3.- Servicios (lo que aplique). Boletas de sorteos de lotería en exhibición, portaboletos de autobús, llaveros para TAE, exhibidor de tecnología y telefonía disponibilidad y exhibición, seguros y disponibilidad tarjetas regalo, prepago y Saldazo que apliquen.\r\n4.- La tómbola no está obstruida.\r\n5.- Cigarrera limpia, con producto exhibido en todos sus carriles y con su respectiva comunicación de precios en cada artículo. Carriles en buen estado. \r\n6.-  Artículos de paquetería en tienda colocados en el espacio definido en el checkout (si aplica), libre de otras mercancías o utensilios.', 1, 1, NULL, '127.0.0.1', '2018-08-10 05:00:00', '2018-08-10 05:00:00'),
('3946a853-ae31-46a0-a8c5-529880a036b4', '59c3037c-ee96-4bdb-8125-bec8e1c819bc', 'E', NULL, NULL, 19, 'Abasto y rotación del producto', NULL, '', '1.- Abasto. Existencia de productos del catálogo vigente para la tienda.\r\n2.- Producto de bodega se lleva al piso de venta en caso que exista espacio en el lugar asignado en el Planograma.\r\n3.- En caso de no haber producto, rellenar el hueco con un ASLEP de la misma familia o con  el producto del lado. \r\n4.- La rotación de productos debe de basarse en \"Lo primero que entra es lo primero que sale, PEPS\", es decir, el producto más antiguo debe de estar colocado al filo de la góndola, parrillas o arriba según sea el caso. El producto más nuevo debe de estar colocado atrás de la góndola, parrillas o abajo según sea el caso.', 1, 1, NULL, '127.0.0.1', '2018-08-10 05:00:00', '2018-08-10 05:00:00'),
('3e91bb3f-3d2e-4ca7-a51d-8c7a4d244d54', '13d772fa-826b-424f-802e-63da4777e33c', 'E', NULL, NULL, 1, 'Imagen y Comportamiento del personal de tienda', NULL, '- Presencia / Actitud / Comportamiento', '1.- <font color=red><b>Presencia impecable</b></font>, uniforme oficial de acuerdo a <font color\r\n=red>código de vestimenta</font> y gafete a la vista, botón promocional y/o de entrenamiento; gorra oficial sólo sí la Plaza lo autoriza.<br><br>\r\n2.- Mostrar una actitud de <b>servicio</b> hacia el cliente, proveedores y compañeros (optimista, proactivo, atento y servicial).<br><br>\r\n3.-No consumo de alimentos en isla, no uso de electrónicos laborando (especial cuidado al estar atendiendo al cliente).', 1, 1, NULL, NULL, '2018-10-18 00:00:00', '2018-10-18 00:00:00'),
('3fcb20ec-1b61-4d32-b6c9-a9c1937e4451', '59c3037c-ee96-4bdb-8125-bec8e1c819bc', 'E', NULL, NULL, 17, 'Etiqueteo (góndolas, exhibiciones, revistero, paleteros)', NULL, '', '1.- Etiquetas actualizadas corresponde al producto exhibido y muestra el precio correcto), completamente legible (no decolorada) y no rota.\r\n2.- Si el producto es más pequeño que la etiqueta se deberá poner al menos una etiqueta para todos los frentes. Para productos de misma presentación mismo sabor se coloca al menos una etiqueta para todos los frentes.\r\n3.- Etiquetas colocadas en portaetiquetas o holders institucionales y en  buen estado. No colocar etiquetas en la rejillas frontales del koxka.\r\n4.- Preciadores del canasto, de vinos y licores, exhibidores de telefonía y tecnología colocados frente al producto que hace referencia.\r\n5.- Producto que aplique con preciador de remate oficial.\r\n6.- Productos con misma presentación pero diferente sabor, deben tener el mismo precio. \r\n7.- Productos de cerveza que apliquen con etiqueta de precio multi-unidad y su etiqueta de precios individual. Si el producto tiene solo un frente, colocar etiqueta de precio individual.', 1, 1, NULL, '127.0.0.1', '2018-08-10 05:00:00', '2018-08-10 05:00:00'),
('44ffb3b7-34de-4f22-bb71-1a2ab47f429f', '59c3037c-ee96-4bdb-8125-bec8e1c819bc', 'E', NULL, NULL, 19, 'Abasto y rotación del producto (góndolas, exhibiciones, revistero, paleteros)', NULL, '', '1.- Abasto. Existencia de productos del catálogo vigente para la tienda.\r\n2.- Producto de bodega se lleva al piso de venta en caso que exista espacio en el lugar asignado en el Planograma.\r\n3.- En caso de no haber producto, rellenar el hueco con un ASLEP de la misma familia o con  el producto del lado. \r\n4.- La rotación de productos debe de basarse en \"Lo primero que entra es lo primero que sale, PEPS\", es decir, el producto más antiguo debe de estar colocado al filo de la góndola, parrillas o arriba según sea el caso. El producto más nuevo debe de estar colocado atrás de la góndola, parrillas o abajo según sea el caso.', 1, 1, NULL, '127.0.0.1', '2018-08-10 05:00:00', '2018-08-10 05:00:00'),
('45533e86-eb24-4f2b-9a36-1dd03111a138', '13d772fa-826b-424f-802e-63da4777e33c', 'E', NULL, NULL, 22, 'Dinámica de Cultura', 2, NULL, '1.- Se tiene <b>Dinámica de Cultura</b> bimestral con los empleados. Se da vida y se busca la mejora en base a los dialogos sostenidos. Se logra participación de todos y se llega a acuerdos.', 1, 1, NULL, NULL, '2018-10-22 05:00:00', '2018-10-22 05:00:00'),
('4825e3f5-2f8e-44f3-963b-0d6f37ce12b9', '13d772fa-826b-424f-802e-63da4777e33c', 'L', '10MON', '50BIO', NULL, 'Respetar Horario de Venta de Alcohol', 1, 'Horarios', 'Verificar que se cumpla el horario autorizado para la venta de alcohol en la tienda', 1, 1, NULL, NULL, '2018-10-25 05:00:00', '2018-10-25 05:00:00'),
('4f8c5072-8511-4a4f-a71b-0d4f34b25e3a', '13d772fa-826b-424f-802e-63da4777e33c', 'E', NULL, NULL, 15, 'Herramienta de Compra /Tablero de Gestión Operativa', 1, NULL, '1.- Se monitorea diariamente las Tiras de PAFS en riesgo de desabasto, Resumen Operativo, Tira de Venta Recuperada por Exhibición y Tira de Venta Perdida Proveedor-Artículo del Tablero de Gestión Operativa, se imprimen y almacenan día / semana anterior y actual en la Carpeta Operativa y se llevan a cabo acciones para disminuirlos. El pedido se hace de acuerdo al sugerido y se aumenta en caso de ser hueco. Stocks actualizados para artículos durante el periodo promocional.  Se almacenan las compras por día y se revisan contra la hoja de arrastre de saldo diario validando compras y devoluciones.', 1, 1, NULL, NULL, '2018-10-22 05:00:00', '2018-10-22 05:00:00'),
('5d315324-9c16-4040-9a39-f61e41e9e459', '13d772fa-826b-424f-802e-63da4777e33c', 'E', NULL, NULL, 4, 'Habilitación Equipo Tienda', NULL, '- Entienda /Servicios Financieros/ Estándares/  Clasificación', '1.- Equipo completo de acuerdo a tabulador, todos registrados en SADEL e IMSS, con <b>ENTIENDA completo</b>. Conocen sus beneficios así como los incentivos.<br><br>\r\n2.- <b>Servicios financieros</b> al menos un cajero habilitado por turno (aplica de 6:00 AM a 10:00 PM) usuario y contraseña sin bloqueos.  Los cajeros habilitados actualmente laboran en la tienda cuentan con la documentación personal vigente.<br><br>\r\n3.- Todos los empleados conocen y están habilitados para cumplir los <b>estándares</b> operativos.<br><br>\r\n4.- El equipo de tienda conoce y sabe su enfoque de acuerdo a su <b>clasificación</b> de líder, está comprometido con su plan de acción y saben como imprimir sus asignaciones de tareas.', 1, 1, NULL, NULL, '2018-10-18 00:00:00', '2018-10-18 00:00:00'),
('6deaeb88-7507-473a-8fb5-f6193cd08dd2', '59c3037c-ee96-4bdb-8125-bec8e1c819bc', 'E', NULL, NULL, 7, 'Almacenamiento de Insumos y merma bajo control', NULL, '', '1.- Disponibilidad de insumos de comida rápida según aplique en plaza.\r\n2.- Condiciones de almacenamiento. Todos los insumos deben estar en su recipiente y lugar autorizado, con la exhibición definida en el anexo a estándares Fast Food y dentro de caducidad.\r\n3.- Merma bajo control. Los productos a mermar están en una bolsa de plástico en el contenedor de merma autorizado en el cuarto frío, capturados en la pre-merma. \r\n4.- Devoluciones.  Los productos con devolución autorizada a Cedis y proveedores, deberán almacenarse en el contenedor  de devoluciones y/o lugar definido por el Asesor una vez aplicada la devolución en sistema. ', 1, 1, NULL, '127.0.0.1', '2018-08-10 05:00:00', '2018-08-10 05:00:00'),
('7ac88b48-98a2-4722-8376-de5af32dcb3a', '59c3037c-ee96-4bdb-8125-bec8e1c819bc', 'E', NULL, NULL, 3, 'Atención en caja, venta sugerida y PRO (Protocolo de Servicio)', NULL, '', 'Con actitud de servicio:\r\n1.- Mencionar al cliente el monto total recibido para efectuar el cobro, así como el cambio que se devuelve (en caso de que el cajero recibe billetes), se entrega el ticket y lo que aplique (voucher, tae, tarjeta con la que se realizó el pago, seguro y/o comanda de ¡O´Sabor!) en la mano del cliente.\r\n2.- Generar y entregar la factura cuando el cliente lo solicite (verificando que los datos son correctos) e informarle que una vez generada la factura en tienda sólo podrá generar el archivo XML en el portal web.\r\n3.- Sugerir productos de forma constante en base a promociones o productos que puedan acompañar la compra, preguntar si se le ofrece \"algo más\".  En caso de que el cliente lleve ¡O´Sabor!, ofrecer promoción relacionada.  \r\n4.- Preguntar al cliente si desea redondear (PRO) y mencionar la institución beneficiada en caso de que pregunte.\r\n5.- Negar la venta de alcohol y/o cigarros a menores de edad o fuera del horario permitido por la ley, ante la duda de la edad del cliente, solicitar Identificación Oficial.\r\n6.- Informar el monto a pagar incluyendo comisión previo a marcar el recibo. Ofrecer empacar el producto comprado, en su caso, servicio al auto para productos pesados.\r\n7.- Agradecer la compra y/o despedirse amablemente y/o invitar al  cliente a regresar de nuevo.', 1, 1, NULL, '127.0.0.1', '2018-08-02 10:00:00', '2018-08-02 10:00:00'),
('833deccd-8072-4c5d-971c-1db319d85e46', '59c3037c-ee96-4bdb-8125-bec8e1c819bc', 'E', NULL, NULL, 15, 'Orden, limpieza e iluminación de bodega', NULL, '', '1.- Limpieza. Tarja, paredes, piso, rack, locker y  puertas  limpios.\r\n2.- Buenas prácticas. La puerta de la bodega se mantiene cerrada y se abre sólo cuando es necesario. No se colocan productos u objetos encima de equipos eléctricos y de cómputo (si aplica), en el techo del cuarto frío o conservadores de hielo en bolsa. Tableros eléctricos y de control, extintores, salidas de emergencia, puertas de cuarto frío y de bodega libres de cualquier obstrucción.\r\n3.- Orden. Aplicación del 5S + 1 en bodega, incluyendo el escritorio, equipo de cómputo (si aplica), rack y tarja. Los productos se encuentran acomodados en su lugar asignado en carriles delimitados y los utensilios de limpieza se colocan en el Rack de Limpieza. Nota: los productos se encuentran separados al menos 10 cm de la pared (no colocar productos sobre la línea roja) y no se apilan a más de 1.5 metros de altura (no sobrepasan la línea amarilla).\r\n4.- Tener luces de bodega encendidas solo cuando sea necesario. No focos fundidos.\r\n5.- Almacenamiento de Químicos de Limpieza. Los químicos de limpieza en uso deberán ser colocados en la canastilla ubicada sobre la tarja de lavado, el resto de químicos (contenedores grandes) deberán ser colocados exclusivamente en el espacio especificado para su almacenamiento (identificado con una etiqueta).', 1, 1, NULL, '127.0.0.1', '2018-08-10 05:00:00', '2018-08-10 05:00:00'),
('86a237f2-891b-4bda-8c0e-8dcfe4c750e9', '59c3037c-ee96-4bdb-8125-bec8e1c819bc', 'E', NULL, NULL, 6, 'Limpieza del área de comida rápida', NULL, '', '1.- Todos los equipos de Fast Food limpios interna y externamente, con vestido y piezas completas y en buen estado. \r\n2.- Limpieza del piso, panel duela (si aplica), muebles de comida rápida y café. Botes de basura con bolsa no más de 3/4 de su capacidad y señalizados como Orgánico e Inorgánico, con bolsa blanca para Inorgánico y negra para Orgánico (si aplica). Área libre de malos olores. \r\n3.- Utensilios disponibles, limpios y en buen estado.', 1, 1, NULL, '127.0.0.1', '2018-08-10 05:00:00', '2018-08-10 05:00:00'),
('876cb735-47d2-4ecb-b19f-dc93cb1de4b8', '59c3037c-ee96-4bdb-8125-bec8e1c819bc', 'E', NULL, NULL, 11, 'Exhibición del producto y hielo en Hieleras', NULL, '', '1.- El producto es exclusivo de Cuauhtémoc Moctezuma y ocupa al menos el 50% de la capacidad total de la hielera, excepto viernes, sábado y domingo que debe ocupar el 100% y se exhibe de acuerdo al Planograma. Las botellas se exhiben acostadas y encontradas, las latas en posición vertical a excepción de la capa superior que está acostada, ambas con la marca hacia arriba. La cerveza cumple con el estándar de \"Frescura\" (no más de 180 días después de la fecha de envasado y dentro de la fecha de caducidad).', 1, 1, NULL, '127.0.0.1', '2018-08-10 05:00:00', '2018-08-10 05:00:00'),
('88e1079d-1f9f-4ad6-a7f2-6bd43d18e377', '13d772fa-826b-424f-802e-63da4777e33c', 'E', NULL, NULL, 12, 'Promociones', NULL, '- Promoxxo/ Oficial/ Vigente/ No Cinta Adhesiva', '1.- Exhibiciones de Piso, Checkout, cabeceras, tiras promocionales  y adicionales con producto de acuerdo al <b>planograma</b> en Promoxxo.<br><br>\r\n2.- El material que se encuentre en tienda debe de ser el <b>oficial</b> y estar <b>vigente</b>.<br><br>\r\n3.- Los materiales <b>POP</b> deben de estar colocados/desplegados correctamente (de acuerdo a  Promoxxo), en buenas condiciones, visibles y sin obstrucciones.<br><br>\r\n4.- Todos los materiales deberán estar pegados con la cinta doble cara que trae el material, en los marcos donde corresponden o colgados con cinchos <font color=red>ó ventosas</font> si es que aplican. <b>Ningún material debe tener cinta adhesiva</b>, ni grapas.', 1, 1, NULL, NULL, '2018-10-18 00:00:00', '2018-10-18 00:00:00'),
('8ffddbe0-ea59-4a60-a923-2ee04410c147', '59c3037c-ee96-4bdb-8125-bec8e1c819bc', 'E', NULL, NULL, 10, 'Limpieza general', NULL, '', '1.- Pisos limpios.\r\n2.- Tapete de entrada limpio y en buen estado.\r\n3.- La tienda tiene un olor agradable o neutro, se encuentra libre de insectos. \r\n4.- Equipamiento: Góndolas (cabeceras, lomo), paletero, hieleras, revisteros, exhibidores generales en el área de piso de venta y racks para garrafones (incluyendo el espacio entre el piso y la base inferior de ellos) limpios. \r\n5.- Piso de venta libre de bultos y cajas, mercancía solo en góndolas y exhibidores.', 1, 1, NULL, '127.0.0.1', '2018-08-10 05:00:00', '2018-08-10 05:00:00'),
('979900d9-18c1-48bd-a417-c70216ab3e6b', '59c3037c-ee96-4bdb-8125-bec8e1c819bc', 'E', NULL, NULL, 18, 'Ejecución de Planogramas y espacios de expulsión (góndolas, exhibiciones, revistero, paleteros)', NULL, '', '1.- Los planogramas tienen la misma ubicación y tamaño que el mapa de Legos de la Tienda.\r\n2.- Los productos colocados como indica la tira de planograma o Promoxxo.\r\n3.- El producto sale libremente al ser tomado por el cliente.\r\n4.- Los productos ubicados en la charola superior no sobrepasan 10cm del límite de altura de la góndola. Para botanas, abarrotes, vinos y bebidas el limite máximo es 20cm de altura.\r\n5.- Los productos colocados al filo de la góndola, parrillas o charolas de exhibidores de piso fijos y acomodados con la marca del producto viendo hacia al frente o vista arriba según sea el caso.\r\n6.- Los productos indicados en la de tira ASLEP están ubicados en charolas de expulsión, exhibidores de remate o mueble definidos por la plaza en piso de venta. Todo articulo que no se pueda colocar deberá tener un folio generado. \r\n7.- Existe el formato de responsable por Lego evaluado correctamente en el corcho operativo. ', 1, 1, NULL, '127.0.0.1', '2018-08-10 05:00:00', '2018-08-10 05:00:00'),
('a283eab0-2172-42ad-a824-e6642a3a4879', '13d772fa-826b-424f-802e-63da4777e33c', 'E', NULL, NULL, 20, 'Seguridad y Prevención', 6, NULL, '1.-<b>Sistemas de seguridad</b> funcionando correctamente como CCTV (cámaras de seguridad), lámparas de emergencia y alarmas, así como chapas de puertas funcionando correctamente. Extintores vigentes. Existe un botiquín de primeros auxilios con producto en buen estado y completo.<br><br>\r\n2.- <b>Resguardo</b> de Productos de Alto Riesgo (paquetes de cigarros, vinos, celulares y tarjetas excedentes) en la herramienta de resguardo (jaula, bóveda o gaveta de resguardo) y exhibidor de celulares y tecnología bajo llave.<br><br>\r\n3.- No se deberán dejar paquetes de <b>cigarros</b> en cualquier otro lugar que no sea el exhibidor de cigarros.<br><br>\r\n4.- Prevención de <b>Extorsiones</b>: Ningún empleado o persona externa puede solicitar realizar transacciones electrónica (TAE, corresponsalías, etc...) vía telefónica<br><br>\r\n5.- <b>Calcomanías</b> preventivas en buen estado (número de Centro de Control, CCTV, Avisos de Privacidad, otras) en caso de que estas presenten desgaste o no se tengan en Tienda, solicitar por medio de  ATL o Protección Patrimonial.', 1, 1, NULL, NULL, '2018-10-22 05:00:00', '2018-10-22 05:00:00'),
('a7d6420e-eba0-4261-a3e4-8db1ae1b5912', '13d772fa-826b-424f-802e-63da4777e33c', 'E', NULL, NULL, 14, 'Ambientación y Seguridad', NULL, '- No almacenar en/ Luces/ Buenas Prácticas/ 5S+1', '1.- <b>Prohibido almacenar</b> producto y/o chaquetines en el baño. Entrada no obstruida.<br><br>\r\n2.- Tener <b>luces</b> de exterior, piso de venta y baño encendidas solo cuando sea necesario. No focos fundidos.<br><br>\r\n3.- <b>Buenas prácticas</b>. La puerta de la bodega se mantiene cerrada y se abre sólo cuando es necesario. No se colocan productos u objetos encima de equipos eléctricos y de cómputo (si aplica), en el techo del cuarto frío o conservadores de hielo en bolsa. Tableros eléctricos y de control, extintores, salidas de emergencia, puertas de cuarto frío y de bodega libres de cualquier obstrucción.<br><br>\r\n4.- Orden. Aplicación del <b>5S + 1</b> en bodega, incluyendo el escritorio, equipo de cómputo (si aplica), rack y tarja. Los productos se encuentran acomodados en su lugar asignado en carriles delimitados y los utensilios de limpieza se colocan en el Rack de Limpieza. Nota: los productos se encuentran separados al menos 10 cm de la pared (no colocar productos sobre la línea roja) y no se apilan a más de 1.5 metros de altura (no sobrepasan la línea amarilla).', 1, 1, NULL, NULL, '2018-10-18 00:00:00', '2018-10-18 00:00:00'),
('aa16fbba-8ded-406f-92ab-589e8aeea34d', '59c3037c-ee96-4bdb-8125-bec8e1c819bc', 'E', NULL, NULL, 9, 'Ejecución de Fast Food Alimentos', NULL, '', 'Todos los conceptos de fast food alimentos que aplican para la tienda se ejecutan según lo definido en el anexo a estándares fast food.', 1, 1, NULL, '127.0.0.1', '2018-08-10 05:00:00', '2018-08-10 05:00:00'),
('ab241e59-1bbc-444d-b59d-49eb768b4981', '13d772fa-826b-424f-802e-63da4777e33c', 'E', NULL, NULL, 2, 'Atención al cliente', NULL, '- Saludo / Caja adicional / PRO // No Venta Menores / Servicio Electrónico /Agradecer/ factuar/ estacionamiento/ Horarios', '1.- Ofrecer un <b>saludo</b> y trato amable al cliente durante su estancia en la tienda, dando prioridad en atenderlo.<br><br>\r\n2.- <b>Abrir caja adicional</b> al detectar más de tres clientes en fila o si se está cobrando algún servicio financiero, boletos o facturación. Todas las cajas siempre con fondo y con morralla suficiente para recibir billetes de cualquier denominación y/o realizar retiros. Colocar letrero de \"caja cerrada\" cuando la caja no esté disponible para venta.<br><br>\r\n3.- Preguntar al cliente si desea redondear (<b>PRO</b>) y mencionar la institución beneficiada en caso de que pregunte.<br><br>\r\n4.- <b>Negar la venta de alcohol y/o cigarros</b> a menores de edad o fuera del horario permitido por la ley, ante la duda de la edad del cliente, solicitar Identificación Oficial.<br><br>\r\n5.- <font color=red>Siempre intentar realizar cualquier <b>servicio electrónico</b> antes de indicar al cliente que no hay sistema. Informar el monto a pagar incluyendo comisión por servicio.</font><br><br>\r\n6.- <b>Agradecer la compra</b> y/o despedirse amablemente y/o invitar al  cliente a regresar de nuevo.<br><br>\r\n7.- Generar y entregar la <b>factura</b> cuando el cliente lo solicite (verificando que los datos son correctos) e informarle que una vez generada la factura en tienda sólo podrá generar el archivo XML en el portal web.<br><br>\r\n8.- Mantener disponibilidad de <b>estacionamiento</b> para nuestros clientes.<br><br>\r\n9.- Cumplir con los <b>horarios de apertura y cierre de tiendas</b> de acuerdo a lo establecido por la Plaza.', 1, 1, NULL, NULL, '2018-10-18 00:00:00', '2018-10-18 00:00:00'),
('abc97793-4669-4ce7-a770-71a7fe8d764b', '13d772fa-826b-424f-802e-63da4777e33c', 'E', NULL, NULL, 13, 'Venta Enfocada', NULL, '- Sugerir/ Servicios/ TGO', '1.- <font color=red>Preguntar si se le ofrece \"algo más\" y/o <b>sugerir</b> promociones o productos de forma constante.</font><br><br>\r\n2.- <b>Servicios</b> (lo que aplique). Portaboletos de autobús, llaveros para TAE, exhibidor de tecnología y telefonía disponibilidad y exhibición, seguros y disponibilidad tarjetas regalo, prepago y Saldazo que apliquen.<br><br>\r\n3.- Se cuenta con las metas definidas por el Asesor de Tienda para cada indicador y se captura el seguimiento diario de avance al indicador en el <b>TGO</b>. Se analiza diariamente el estatus actual de los Factores Críticos así como las gráficas de seguimiento diario y gráficas de proyección mensual en el Tablero de Gestión Operativa.', 1, 1, NULL, NULL, '2018-10-18 00:00:00', '2018-10-18 00:00:00'),
('ace988e0-1735-4258-97a9-441177a7c1fe', '13d772fa-826b-424f-802e-63da4777e33c', 'E', NULL, NULL, 21, 'Revisión Vertical', 1, NULL, '1.- Se tiene Revisión Vertical trimestral con cada empleado.', 1, 1, NULL, NULL, '2018-10-22 05:00:00', '2018-10-22 05:00:00'),
('b72c4498-d784-4468-b948-e88b9fe8f64a', '59c3037c-ee96-4bdb-8125-bec8e1c819bc', 'E', NULL, NULL, 21, 'Exhibición de Promociones', NULL, '', '1.- Exhibiciones de Piso, Checkout, cabeceras, tiras promocionales  y adicionales con producto de acuerdo al planograma en Promoxxo.', 1, 1, NULL, '127.0.0.1', '2018-08-10 05:00:00', '2018-08-10 05:00:00'),
('b90f7b11-a722-47a5-a04a-9e27cdf10348', '13d772fa-826b-424f-802e-63da4777e33c', 'E', NULL, NULL, 11, 'Cuarto Frío', NULL, '- Resurtido/ Limpieza/Orden/ Exhibición Visible/ Buenas Prácticas/ Hielo/ Chamarras', '1.- <b>Resurtido</b> continuo de los producto en el cuarto frio (no más de 3 huecos visibles).<br><br>\r\n2.- <b>Limpieza</b>: Puertas, techo y marcos de cuarto frío, parrillas, deslizadores, acrílicos, porta etiquetas, puerta de acceso al cuarto frio, cortina hawaiana, piso, paredes interiores y exteriores (sin evidencia de derrames), rack y exhibidores  limpios y en buen estado.<br><br>\r\n3.- <b>Orden</b>: Pisos sin objetos tirados, barrido y trapeado, libre de malos olores. Sólo exhibidores y productos autorizados para el cuarto frío. Carriles bien definidos con acrílicos de acuerdo al tamaño. El producto apilado está dentro del limite permitido (1.5 mts. de altura). <font color=red>No se coloca producto alimenticio directamente sobre el piso.</font><br><br>\r\n4.- <b>Exhibición visible</b> e iluminada en todo momento. No lámparas fundidas.<br><br>\r\n5.- Buenas prácticas: La cortina de PVC (hawaiana) nunca se encuentra \"colgada\" o \"amarrada\". La(s) puerta(s) de acceso al cuarto frío se mantienen bien cerradas. Productos resguardados en el rack de acuerdo a la guía. Alimentos de personal de tienda en su cajonera autorizada. Aplicación del 5S + 1.<br><br>\r\n6.- Al menos el 50% de <b>existencia de  hielo</b> apto para su venta y con buena accesibilidad. No se estiba más de 1.5 m de altura. No escarcha y/o agua escurriendo en piso del contenedor.<br><br>\r\n7.- Existen 2 <b>chamarras</b> en la tienda en buen estado <font color=red>colgadas en el perchero.</font>', 1, 1, NULL, NULL, '2018-10-18 00:00:00', '2018-10-18 00:00:00'),
('bbec7143-90b9-411f-a202-ecaa0069b43b', '13d772fa-826b-424f-802e-63da4777e33c', 'E', NULL, NULL, 16, 'Asignación de Tareas', 2, NULL, '1.- Todos los empleados cuentan con su tira en el turno. El Líder y/o Encargado monitorean diariamente la ejecución de las tareas asignadas. Al menos de manera semanal el líder revisa las tareas creadas y como están asignadas, de forma que coincidan con las áreas de oportunidad encontradas. Las cargas están entre 85% y 100%  y equilibradas, para personal nuevo de acuerdo a vector gente. Se encuentran en el corcho las tiras del último día y turnos laborados.', 1, 1, NULL, NULL, '2018-10-22 05:00:00', '2018-10-22 05:00:00'),
('bd4af773-fb08-4057-9048-1fc14a875056', '59c3037c-ee96-4bdb-8125-bec8e1c819bc', 'E', NULL, NULL, 16, 'Condiciones del producto (góndolas, exhibiciones, revistero, paleteros)', NULL, '', '1.- Productos limpios y sin empaques alterados, raspados, o maltratados. (Apto para la venta).\r\n2.- Producto dentro del límite de caducidad establecido en el mismo (retirar los productos un día antes de la fecha de vencimiento, a menos que tenga la leyenda \"Fresco hasta\") y los más próximos a caducar colocados al frente o más cerca del cliente,  y los caducos retirarlos y colocarlos en contenedor de merma (aplica para todos los productos). En los productos que solo contengan la caducidad en mes y año, retirar el último día del mes indicado en de la etiqueta. Retirar los productos perecederos que no tengan etiqueta de caducidad.\r\n3.- Productos (comida rápida) sin señales de deterioro como hongos o resequedad, mal olor o color.\r\n4.- Insumos de café y alimentos no caducos.', 1, 1, NULL, '127.0.0.1', '2018-08-10 05:00:00', '2018-08-10 05:00:00'),
('c57a1176-49ec-4e29-9a52-d685e69545b2', '59c3037c-ee96-4bdb-8125-bec8e1c819bc', 'E', NULL, NULL, 22, 'Condiciones del Material POP', 5, '', '1.- El material que se encuentre en tienda debe de ser el oficial y estar vigente.\r\n2.- Los materiales POP deben de estar colocados/desplegados correctamente (de acuerdo a  Promoxxo), en buenas condiciones, visibles y sin obstrucciones. \r\n3.- Todos los materiales deberán estar pegados con la cinta doble cara que trae el material, en los marcos donde corresponden o colgados con cinchos si es que aplican. Ningún material debe tener cinta adhesiva ni grapas.', 1, 1, NULL, '127.0.0.1', '2018-08-10 05:00:00', '2018-08-10 05:00:00'),
('c9ee8725-df8f-4efb-b2b5-e8f3729cff2a', '13d772fa-826b-424f-802e-63da4777e33c', 'E', NULL, NULL, 9, 'Etiqueteo', NULL, '- Actualizadas/ Etiqueta varios frentes/ Colocadas/ Preciadores/ Remate/ Mismo Precio/ Cerveza', '1.- <b>Etiquetas actualizadas</b> corresponde al producto exhibido y muestra el precio correcto, completamente legible (no decolorada) y no rota.<br><br>\r\n2.- Si el producto es más pequeño que la etiqueta ó los productos son de la misma presentación mismo sabor se coloca al menos <b>una etiqueta para todos los frentes.</b><br><br>\r\n3.- Etiquetas <b>colocadas</b> en porta etiquetas o holders institucionales y <font color=red>ambos en</font> buen estado. No colocar etiquetas en la rejillas frontales del koxka.<br><br>\r\n4.- <b>Preciadores</b> del canasto, de vinos y licores, exhibidores de telefonía y tecnología colocados frente al producto que hace referencia.<br><br>\r\n5.- Producto que aplique con preciador de <b>remate</b> oficial.<br><br>\r\n6.- Productos con misma presentación pero diferente sabor, deben tener el <b>mismo precio</b>.<br><br>\r\n7.- Productos de <b>cerveza</b> que apliquen con etiqueta de precio multi-unidad y su etiqueta de precios individual. Si el producto tiene solo un frente, colocar etiqueta de precio individual.', 1, 1, NULL, NULL, '2018-10-18 00:00:00', '2018-10-18 00:00:00'),
('cc038d4a-b23f-487e-a984-752c375ac131', '59c3037c-ee96-4bdb-8125-bec8e1c819bc', 'E', NULL, NULL, 1, 'Imagen y Comportamiento del personal de tienda', NULL, '', '1.- Portar uniforme oficial: En buen estado, limpio, no arrugado, cerrado y portando el gafete a la vista del cliente y el botón promocional y/o de entrenamiento; el uso de gorras oficiales sólo sí la Plaza lo autoriza. \r\n2.- Imagen personal: No tatuajes visibles, no tintes estrafalarios, cabello corto o recogido, bien peinado, calzado limpio y cerrado, pantalón o falda larga, cadenas por dentro, aretes (sólo mujeres y en orejas), no piercings, uñas recortadas y limpias, manos limpias y sin heridas expuestas. \r\n3.- De comportamiento: Siempre el cliente es primero, dirigirse con respeto a los clientes, proveedores y compañeros. No fumar, no consumir bebidas embriagantes, no mascar chicle, no escupir, no gritar, no chiflar o decir malas palabras en la tienda. No se consumen alimentos en la isla. No está permitido el uso de reproductores de música personal o dispositivos electrónicos. Mientras se atiende a un cliente no se utiliza el teléfono y/o celular.', 1, 1, NULL, '127.0.0.1', '2018-08-02 10:00:00', '2018-08-02 10:00:00'),
('cf0c9682-b517-4d69-a0e0-a13ce9aad8b7', '59c3037c-ee96-4bdb-8125-bec8e1c819bc', 'E', NULL, NULL, 18, 'Ejecución de Planogramas y espacios de explusión', NULL, '', '1.- Los planogramas tienen la misma ubicación y tamaño que el mapa de Legos de la Tienda.\r\n2.- Los productos colocados como indica la tira de planograma o Promoxxo.\r\n3.- El producto sale libremente al ser tomado por el cliente.\r\n4.- Los productos ubicados en la charola superior no sobrepasan 10cm del límite de altura de la góndola. Para botanas, abarrotes, vinos y bebidas el limite máximo es 20cm de altura.\r\n5.- Los productos colocados al filo de la góndola, parrillas o charolas de exhibidores de piso fijos y acomodados con la marca del producto viendo hacia al frente o vista arriba según sea el caso.\r\n6.- Los productos indicados en la de tira ASLEP están ubicados en charolas de expulsión, exhibidores de remate o mueble definidos por la plaza en piso de venta. Todo articulo que no se pueda colocar deberá tener un folio generado. \r\n7.- Existe el formato de responsable por Lego evaluado correctamente en el corcho operativo. ', 1, 1, NULL, '127.0.0.1', '2018-08-10 05:00:00', '2018-08-10 05:00:00'),
('d6ecde14-a46b-431e-93d7-ecbbb2bed989', '13d772fa-826b-424f-802e-63da4777e33c', 'E', NULL, NULL, 6, 'Limpieza', NULL, '- Exterior/ Botes basura/ Isla/ Piso de Venta/ Equipamiento/ Frutero/ Baño/ Bodega/Químicos de Limpieza', '1.- <b>Exterior</b> <font color=red>en buen estado</font>. Banqueta, estacionamiento, pasillos, topes, jardinera y equipos limpios. Cajón y rampa para personas con discapacidad señalizado. Sin grafiti, lámparas limpias. Sin publicidad no autorizada. Árboles, jardineras en buen estado y pasto recortado (si aplica).<br><br>\r\n2.- Contenedor y <b>botes de basura</b> limpios con tapa, en buen estado y señalizados como Orgánico e Inorgánico, con bolsa blanca para Inorgánico y negra para Orgánico (si aplica). Bolsas con no más de 3/4 de su capacidad y área sin exceso de basura, derrames y libre de mal olor.<br><br>\r\n3.-<b>Isla</b>. El piso, los muebles y el equipo en general debe estar limpio y los cajones ordenados. Bolsas para el cliente disponibles y ordenadas. Tapete antifatiga en buen estado. Libre de volantes, <font color=red>publicidad y exhibidores no autorizados, objetos personales e información confidencial de la tienda a la vista del cliente.</font><br><br>\r\n4.- <b>Piso de venta</b> libre de bultos y cajas, mercancía solo en góndolas y exhibidores. Pisos limpios.  Tapete de entrada limpio y en buen estado. La tienda tiene un olor agradable o neutro, se encuentra libre de insectos <font color=red>y/o fauna nociva</font>.<br><br>\r\n5.- <b>Equipamiento</b>: Góndolas (cabeceras, lomo), paletero, hieleras, revisteros, exhibidores en piso de venta y racks para garrafones (incluyendo el espacio entre el piso y la base inferior de ellos) limpios.<br><br>\r\n6.- <b>Frutero</b> limpio incluyendo las charolas, sin derrames de líquidos de frutas o verduras.<br><br>\r\n7.- <b>Baño</b> con olor neutro o agradable. Inodoro, mingitorio, lavamanos, espejo, porta rollo, porta papel de manos y jabonera, paredes, piso y puerta limpios.<br><br>\r\n8.- <b>Bodega</b>. Limpieza. Tarja, paredes, piso, rack, locker y  puertas  limpios. Tener luces de bodega encendidas solo cuando sea necesario. No focos fundidos.<br><br>\r\n9.- Almacenamiento de <b>Químicos de Limpieza</b>. Los químicos de limpieza en uso deberán ser colocados en la canastilla ubicada sobre la tarja de lavado, el resto de químicos (contenedores grandes) deberán ser colocados exclusivamente en el espacio especificado (identificado con una etiqueta).', 1, 1, NULL, NULL, '2018-10-18 00:00:00', '2018-10-18 00:00:00'),
('d72e7c09-a9fa-407d-b82e-cec946340f7e', '59c3037c-ee96-4bdb-8125-bec8e1c819bc', 'E', NULL, NULL, 13, 'Limpieza, condiciones y temperatura del Cuarto Frío', NULL, '', '1.- Limpieza: Puertas, techo y marcos de cuarto frío, parrillas, deslizadores, acrílicos, portaetiquetas, puerta de acceso al cuarto frio, cortina hawaiana, piso, paredes interiores y exteriores (sin evidencia de derrames), rack y exhibidores  limpios y en buen estado.\r\n2.- Orden: Pisos sin objetos tirados, barrido y trapeado, libre de malos olores. Sólo exhibidores y productos autorizados para el cuarto frío. Carriles bien definidos con acrílicos de acuerdo al tamaño. El producto apilado está dentro del limite permitido (1.5 mts de altura).\r\n3.- Exhibición visible  e iluminada en todo momento. No lámparas fundidas.\r\n4.- Buenas prácticas: La cortina de PVC (hawaiana) nunca se encuentra \"colgada\" o \"amarrada\". La(s) puerta(s) de acceso al cuarto frío se mantienen bien cerradas. Productos resguardados en el rack de acuerdo a la guía. Alimentos de personal de tienda en su cajonera autorizada. Aplicación del 5S + 1.\r\n5.- Al menos el 50% de existencia de  hielo apto para su venta y con buena accesibilidad. No se estiba más de 1.5 m de altura. No escarcha y/o agua escurriendo en piso del contenedor.\r\n6.- Existen 2 chamarras en la tienda en buen estado.', 1, 1, NULL, '127.0.0.1', '2018-08-10 05:00:00', '2018-08-10 05:00:00'),
('d9358b5c-f6b2-41cb-b801-4e9a6b3176d4', '13d772fa-826b-424f-802e-63da4777e33c', 'E', NULL, NULL, 23, 'Rituales de Gestión', 3, NULL, '1.- <b>Asesor-Líder de Tienda</b> se coordinan acciones con enfoque al incremento de Ventas de la Plaza con el apoyo de los Asesores Tienda, así como también la revisión de proyectos e iniciativas de la Plaza.<br><br>\r\n2.- <b>Líder-Equipo de Tienda</b> se están realizando de forma constante revisando oportunidades y generando plan de acción. \r\nSe da cumplimiento, seguimiento y hay avance en el <b>plan de acción</b> de la tienda.', 1, 1, NULL, NULL, '2018-10-22 05:00:00', '2018-10-22 05:00:00'),
('da841b3c-5634-4aac-97f0-60d949258682', '59c3037c-ee96-4bdb-8125-bec8e1c819bc', 'E', NULL, NULL, 2, 'Servicio al cliente y Rapidez (Protocolo de Servicio)', NULL, '', 'Servicio al Cliente\r\n1.- Saludar al cliente y ser amable dando prioridad para atenderlo en cualquier momento de su estancia en Tienda.\r\n2.- Mostrar una actitud de servicio hacia el cliente (optimista, proactivo, atento y servicial).  Prestar la asistencia necesaria para realizar la compra y para utilizar nuestros servicios a todos nuestras clientes. Siempre intentar realizar cualquier Servicio financiero antes de indicar al cliente que no hay sistema.\r\n3- Cumplir con los horarios de apertura y cierre de Tienda de acuerdo a lo establecido por la plaza.\r\nRapidez                                                                                                                                                                                          4.- Contar con mínimo dos empleados por turno, incluyendo al Líder de Tienda. Excepto turno nocturno si es por ventanilla. Servicios financieros al menos un cajero habilitado (ligado su usuario de corresponsalías a su número de empleado) por turno (aplica de 8:00 AM a 8:00 PM) usuario y contraseña sin bloqueos.\r\n5.- Abrir caja adicional al detectar más de tres clientes en fila o si se está cobrando algún servicio financiero, boletos, sorteos del trébol o facturación. En caso de estar realizando curso en línea se tiene que suspender y atender al cliente. Todas las cajas siempre con fondo y con morralla suficiente para recibir billetes de cualquier denominación y/o realizar retiros. Colocar letrero de \"caja cerrada\" cuando la caja no esté disponible para venta.\r\n6.- Mantener disponibilidad  de estacionamiento para nuestros clientes.', 1, 1, NULL, '127.0.0.1', '2018-08-02 10:00:00', '2018-08-02 10:00:00'),
('db734739-7025-489c-aaee-aa970ccbcc06', '13d772fa-826b-424f-802e-63da4777e33c', 'E', NULL, NULL, 17, 'Carpeta Operativa/ Permisos Oficiales/ Corcho Operativo', 3, NULL, '1.- Las carpeta operativa  se encuentra actualizada (aplica según lo comunicado de acuerdo a la última versión), organizada y en buenas condiciones y los puntos que se deban de llenar se llenan tal y como se definió.<br><br>\r\n2.-  Se verifica que los permisos oficiales se encuentren en tienda y vigentes, de acuerdo a la ley local vigente (visibles, donde aplique).<br><br>\r\n<font color=red>3.- Se encuentra en el corcho la tira de artículos del \"Inventario en bodega sin exhibición\" actualizada (no tiene más de 7 días desde su impresión).</font><br><br>\r\n<font color=red>4.- Existe el formato de responsable por Lego evaluado correctamente en el corcho operativo. Se agrega la tira de resumen de cambios todos los lunes.</font>', 1, 1, NULL, NULL, '2018-10-22 05:00:00', '2018-10-22 05:00:00');
INSERT INTO `xxbdo_estandares` (`id`, `xxbdo_version_estandares_id`, `tipo`, `cr_plaza`, `cr_tienda`, `estandar`, `titulo`, `orden`, `detalle`, `descripcion`, `es_visible`, `activo`, `usuario`, `ip_address`, `fecha_creacion`, `fecha_modificacion`) VALUES
('dc75f070-5fee-4150-974d-6774ebf3e71d', '59c3037c-ee96-4bdb-8125-bec8e1c819bc', 'E', NULL, NULL, 14, 'Baños de empleados y públicos', NULL, '', '1.- Limpieza: Inodoro, mingitorio, lavamanos, espejo, porta rollo, porta papel de manos y jabonera, paredes, piso y puerta limpios.\r\n2.- Bote de basura orgánico con bolsa negra y de basura inorgánico con bolsa blanca (si aplica), limpios y sin saturación de residuos.\r\n3.- Baño con olor neutro o agradable.\r\n4.- Se cuenta con papel higiénico, papel para secar las manos y jabón.\r\n5.- Prohibido almacenar producto y/o chaquetines. Entrada no obstruida.\r\n6.- Tener luces de baño encendidas solo cuando sea necesario. No focos fundidos.\r\n7.- Baños públicos disponibles para el cliente.', 1, 1, NULL, '127.0.0.1', '2018-08-10 05:00:00', '2018-08-10 05:00:00'),
('e20fe30e-aa3b-4500-bdfe-207e6d8bb10b', '59c3037c-ee96-4bdb-8125-bec8e1c819bc', 'E', NULL, NULL, 4, 'Limpieza e imagen Exterior', NULL, '', '1.- No exceso de chicles.\r\n2.- Banqueta, estacionamiento, topes y jardinera limpios y en buen estado. Cajón y rampa para personas con discapacidad señalizado y en buen estado.\r\n3.- Contenedor y botes de basura limpios con tapa, en buen estado y señalizados como Orgánico e Inorgánico, con bolsa blanca para Inorgánico y negra para Orgánico (si aplica). Bolsas con no más de 3/4 de su capacidad y área  sin exceso de basura, derrames y libre de mal olor.\r\n4.- Imagen exterior. Sin graffiti en paredes exteriores, ventanales, puertas de acceso y marcos, pintura exterior, lamparas limpios y en buen estado, sin publicidad no autorizada. Árboles, jardineras en buen estado y pasto recortado (si aplica).\r\n5.- Equipos limpios y en buen estado (hielo, teléfonos públicos, etc.).\r\n6.- Orden y Limpieza de pasillos o patios exteriores libres de cartón, canastillas, basura, mercancía, etc.', 1, 1, NULL, '127.0.0.1', '2018-08-02 10:00:00', '2018-08-02 10:00:00'),
('e3de549c-f4d0-4c5d-8266-a883cfdd4b4b', '59c3037c-ee96-4bdb-8125-bec8e1c819bc', 'E', NULL, NULL, 18, 'Ejecución de Planogramas', NULL, '', '1.- Los planogramas tienen la misma ubicación y tamaño que el mapa de Legos de la Tienda.\r\n2.- Los productos colocados como indica la tira de planograma o Promoxxo.\r\n3.- El producto sale libremente al ser tomado por el cliente.\r\n4.- Los productos ubicados en la charola superior no sobrepasan 10cm del límite de altura de la góndola. Para botanas, abarrotes, vinos y bebidas el limite máximo es 20cm de altura.\r\n5.- Los productos colocados al filo de la góndola, parrillas o charolas de exhibidores de piso fijos y acomodados con la marca del producto viendo hacia al frente o vista arriba según sea el caso.\r\n6.- Los productos indicados en la de tira ASLEP están ubicados en charolas de expulsión, exhibidores de remate o mueble definidos por la plaza en piso de venta. Todo articulo que no se pueda colocar deberá tener un folio generado. \r\n7.- Existe el formato de responsable por Lego evaluado correctamente en el corcho operativo. ', 1, 1, NULL, '127.0.0.1', '2018-08-10 05:00:00', '2018-08-10 05:00:00'),
('ea8e206e-a954-4abe-8e52-36d8bf46cf16', '13d772fa-826b-424f-802e-63da4777e33c', 'E', NULL, NULL, 18, 'Señalizaciones, Utensilios, equipos y habilitadores', 4, NULL, '1.- Se cuenta con toda la señalización (que aplique) de acuerdo al <b>Catálogo</b> de Señalización Institucional en tienda, en buen estado y colocada en los lugares correspondientes (basureros, bodega, caja, comida rápida, cuarto frio, estacionamiento, piso de venta, puerta de acceso y baños).<br><br>\r\n2.- <b>Servicios</b> (lo que aplique en plaza). Colgante de cajeros automáticos en buen estado.<br><br>\r\n3.- Anuncio de <b>tipo de cambio</b> (donde aplique) actualizado, en buen estado y colocado a la vista del cliente.<br><br>\r\n4.- Se cuenta con todos los <b>utensilios, habilitadores y equipos</b> de acuerdo al catálogo institucional y estos se encuentran en buen estado.', 1, 1, NULL, NULL, '2018-10-22 05:00:00', '2018-10-22 05:00:00'),
('edfec3a9-afa8-4d65-8ff7-c4b8231068c2', '59c3037c-ee96-4bdb-8125-bec8e1c819bc', 'E', NULL, NULL, 20, 'Calidad del producto (temperatura equipos)', NULL, '', '\"Para mantener la calidad del producto, los equipos deberán colocarse a las siguientes temperaturas:\r\n\r\n1.- Salchichonero a una temperatura de 2 a 6 ºC o 35 a 42 °F. Quesera a una temperatura de 60 a 62 °C o 140 a 145 °F. Refrigerador abierto / Koxka a una temperatura de 2 a 6 ºC o 35 a 42 °F. Vaporera a una temperatura de 60 °C perilla nivel 5. Warmer (si aplica) a una temperatura: 60 a 65 °C; perilla en nivel 4. Roller a una temperatura: 60 a 75 ºC; perilla entre nivel 3 y 4 o entre LOW y MED; Panera equipos APW perilla entre 38 y 65 °C o 100 y 150 °F y  en equipos STAR perilla en el nivel 4.\r\n\"\r\n2.-  Temperatura de la cámara de conservación: \"Refrescos y lácteos\" (2 a 5 ºC) o (36 - 41 °F), cámara de conservación de \"hielo\" (-10 a -7 ºC), cámara fría o \"cervecero\"  (de 0 a 2 °C)  a excepción de las siguientes plazas: (de 2 a 5 ºC)  en Obregón, Nogales, Monterrey, Saltillo, Allende, Laguna, Piedras Negras, Monclova, Culiacán, La Paz, Los Mochis, Reynosa, Laredo, Matamoros y Cd. Juárez. De ( -2 a 0 ) para plaza Mexicali .', 1, 1, NULL, '127.0.0.1', '2018-08-10 05:00:00', '2018-08-10 05:00:00'),
('ee923050-2db4-44cf-84d6-9343f5d7c1b1', '59c3037c-ee96-4bdb-8125-bec8e1c819bc', 'E', NULL, NULL, 8, 'Ejecución Fast Food Bebidas', NULL, '', 'Todos los conceptos de fast food bebidas que aplican para la tienda se ejecutan según lo definido en el anexo a estándares fast food.', 1, 1, NULL, '127.0.0.1', '2018-08-10 05:00:00', '2018-08-10 05:00:00'),
('f13898da-1eb4-47c4-89e2-8f38d009bc3c', '13d772fa-826b-424f-802e-63da4777e33c', 'E', NULL, NULL, 8, 'Calidad y Condiciones del Producto', NULL, '- Limpios/ Frutero/ Caducidad/ Deterioro/ Temperatura de Equipos', '1.- Productos <b>limpios</b> y sin empaques alterados, raspados, o maltratados. (Apto para la venta).<br><br>\r\n2.- Producto en frutero se encuentran en buen estado, limpio, sin daño aparente y acomodado adecuadamente; apto para la venta (no sobremaduro).<br><br>\r\n3.- Producto dentro del límite de <b>caducidad</b> establecido en el mismo (retirar los productos un día antes de la fecha de vencimiento, a menos que tenga la leyenda \"Fresco hasta\") y los más próximos a caducar colocados al frente o más cerca del cliente. Los caducos retirarlos y colocarlos en contenedor de merma (aplica para todos los productos).En los productos que solo contengan la caducidad en mes y año, retirar el último día del mes indicado en de la etiqueta. Retirar los productos perecederos que no tengan etiqueta de caducidad.  Insumos de café y alimentos no caducos.<br><br>\r\n4.- Productos sin <b>señales de deterioro</b> como hongos o resequedad, mal olor o color.<br><br>\r\n5.-  <b>Temperatura de equipos</b>. Cámara de conservación de \"Refrescos y lácteos\" (2 a 5 ºC) o (36 - 41 °F), cámara de conservación de \"hielo\" (-10 a -7 ºC), cámara fría o \"cervecero\"  (de 0 a 2 °C)  a excepción de las siguientes plazas: (de 2 a 5 ºC)  en Obregón, Nogales, Monterrey, Saltillo, Allende, Laguna, Piedras Negras, Monclova, Culiacán, La Paz, Los Mochis, Reynosa, Laredo, Matamoros y Cd. Juárez. De ( -2 a 0 ) para plaza Mexicali . Salchichonero a una temperatura de 2 a 6 ºC o 35 a 42 °F. <font color=red>Para equipos de comida rápida consultar Anexo FF.</font>', 1, 1, NULL, NULL, '2018-10-18 00:00:00', '2018-10-18 00:00:00'),
('fe3b1621-c860-4f4f-994c-04fca06a4919', '13d772fa-826b-424f-802e-63da4777e33c', 'E', NULL, NULL, 7, 'Exhibición', NULL, '- Mapa Legos/ Planograma/  Límite Altura/  Espacios ASLEP/  rotación de productos / Cigarrera/ Hieleras/ Paquetería', '1.- Los <b>planogramas</b> y exhibidores tienen la misma ubicación y tamaño que el <b>mapa de Legos</b> de la Tienda. <font color=red>Los productos colocados como indica la tira de planograma o PROMOXXO, frenteados y fondeados correctamente. En caso de no haber producto, rellenar el hueco con un ASLEP de la misma familia o con  el producto del lado.</font><br><br>\r\n2.- Los productos ubicados en la charola superior no sobrepasan 10cm del <b>límite de altura</b> de la góndola. Para botanas, abarrotes, vinos y bebidas el limite máximo es 20cm de altura.<br><br>\r\n<font color=red>3.- Contar con exhibidores de piso y hieleras acorde a inventario de espacios.</font><br><br>\r\n4.- Los productos indicados en la de tira <b>ASLEP</b> están ubicados en charolas de expulsión, exhibidores de remate o mueble definidos por la plaza en piso de venta. Todo articulo que no se pueda colocar deberá tener un folio generado.<br><br>\r\n5.- La <b>rotación de productos</b> debe de basarse en \"Lo primero que entra es lo primero que sale, \"<b>PEPS</b>\".<br><br>\r\n6.- <b>Cigarrera</b> con producto exhibido en todos sus carriles y con su respectiva comunicación de precios en cada artículo. <font color=red>Cuenta con charola promocional. Carriles y copete en buen estado (si aplica).</font><br><br>\r\n7.- <b>Hieleras</b> con producto de CCM con al menos el 50% de su capacidad, excepto viernes, sábado y domingo que debe de ocupar el 100%, exhibido de acuerdo a guía de acomodo (si aplica).<br><br>\r\n8.-  Artículos de <b>paquetería</b> en tienda colocados en el espacio definido en el checkout (si aplica) y con <font color=red>calcomanía</font> especificada, libre de otras mercancías o utensilios.', 1, 1, NULL, NULL, '2018-10-18 00:00:00', '2018-10-18 00:00:00'),
('ffcce87a-118c-430e-b3d6-6af8cdba3437', '59c3037c-ee96-4bdb-8125-bec8e1c819bc', 'E', NULL, NULL, 16, 'Condiciones del producto', NULL, '', '1.- Productos limpios y sin empaques alterados, raspados, o maltratados. (Apto para la venta).\r\n2.- Producto dentro del límite de caducidad establecido en el mismo (retirar los productos un día antes de la fecha de vencimiento, a menos que tenga la leyenda \"Fresco hasta\") y los más próximos a caducar colocados al frente o más cerca del cliente,  y los caducos retirarlos y colocarlos en contenedor de merma (aplica para todos los productos). En los productos que solo contengan la caducidad en mes y año, retirar el último día del mes indicado en de la etiqueta. Retirar los productos perecederos que no tengan etiqueta de caducidad.\r\n3.- Productos (comida rápida) sin señales de deterioro como hongos o resequedad, mal olor o color.\r\n4.- Insumos de café y alimentos no caducos.', 1, 1, NULL, '127.0.0.1', '2018-08-10 05:00:00', '2018-08-10 05:00:00');


ALTER TABLE `xxbdo_respuestas` 
ADD COLUMN `tipo` CHAR(1) NOT NULL AFTER `xxbdo_areas_estandares_id`,
ADD COLUMN `respuesta_asesor` CHAR(1) NULL DEFAULT NULL AFTER `respuesta`,
ADD COLUMN `semana` INT(11) NULL DEFAULT NULL AFTER `valor_ata`,
ADD COLUMN `mes` INT(11) NULL DEFAULT NULL AFTER `semana`,
ADD COLUMN `año` INT(11) NULL DEFAULT NULL AFTER `mes`,
ADD COLUMN `activo` TINYINT(4) NULL DEFAULT 1 AFTER `año`;

UPDATE  `xxbdo_respuestas` SET  `tipo`='D', `año`='2018';

ALTER TABLE `xxbdo_checklists` 
ADD COLUMN `xxbdo_version_estandares_id` VARCHAR(36) NOT NULL AFTER `id`,
ADD INDEX `XXBDO_CHECKLISTS_VERSION_STDS_ID_IDX` (`xxbdo_version_estandares_id` ASC);
;

TRUNCATE `xxbdo_checklists`;

--
-- Dumping data for table `xxbdo_checklists`
--
INSERT INTO `xxbdo_checklists` (`id`, `xxbdo_version_estandares_id`, `titulo`, `descripcion`, `es_default`, `activo`, `usuario`, `ip_address`, `fecha_creacion`, `fecha_modificacion`) VALUES
('3e50f58c-8634-41ce-93b5-c8bebb8bce46', '13d772fa-826b-424f-802e-63da4777e33c', 'Estándares Operativos Versión 23', 'Estándares Operativos Versión 23', 1, 1, NULL, NULL, '2018-10-18 05:00:00', '2018-10-18 05:00:00'),
('8b2ab91b-f7c3-4eaf-93f9-7827063c84e0', '59c3037c-ee96-4bdb-8125-bec8e1c819bc', 'Version 22.2', 'Version 22.2 (Para efectos de prueba)', 0, 1, NULL, NULL, '2018-09-11 05:00:00', '2018-09-11 05:00:00'),
('980e98f6-8edb-4c03-87a7-53b286161cb4', '59c3037c-ee96-4bdb-8125-bec8e1c819bc', 'Estándares Operativos Versión 22', 'Version 22', 0, 1, NULL, NULL, '2018-09-11 05:00:00', '2018-09-11 05:00:00');

TRUNCATE `xxbdo_areas_estandares`;
--
-- Dumping data for table `xxbdo_areas_estandares`
--
INSERT INTO `xxbdo_areas_estandares` (`id`, `xxbdo_areas_id`, `xxbdo_estandares_id`, `valor`, `orden`, `dias_activos`, `usuario`, `ip_address`, `fecha_creacion`, `fecha_modificacion`) VALUES
('0058a7a6-3249-4460-ac4e-c02720764d29', 'd5d547f8-d5f5-4c37-b1f1-f3823e24bd19', '0b2d76d9-14d1-4bda-9c93-a20ec71294ef', 0, 10, '1,2,3,4,5,6,7', NULL, NULL, '2018-10-25 05:00:00', '2018-10-25 05:00:00'),
('08c51ce4-2f82-42fc-af27-c96bc124c01b', '693b3a1e-e48a-425a-80be-33f8163be4ef', 'cf0c9682-b517-4d69-a0e0-a13ce9aad8b7', 2, 4, '1,2,3,4,5,6,7', NULL, NULL, '2018-08-13 05:00:00', '2018-08-13 05:00:00'),
('0c78478c-5965-4f69-961d-f5e596c83eb2', '89fe1a14-aefd-4592-9477-7732c6824bc3', 'aa16fbba-8ded-406f-92ab-589e8aeea34d', 4, 4, '1,2,3,4,5,6,7', NULL, '127.0.0.1', '2018-08-13 05:00:00', '2018-08-13 05:00:00'),
('12c3fbc4-d016-4c69-89fe-c5fe1f29175e', 'ec358c76-f92d-4c3a-9d34-6a79813cafce', 'd9358b5c-f6b2-41cb-b801-4e9a6b3176d4', 1, 3, '1,2,3,4,5,6,7', NULL, '127.0.0.1', '2018-10-05 15:00:00', '2018-10-05 15:00:00'),
('13d772fa-826b-424f-802e-63da4777e33c', '89fe1a14-aefd-4592-9477-7732c6824bc3', '86a237f2-891b-4bda-8c0e-8dcfe4c750e9', 3, 1, '1,2,3,4,5,6,7', NULL, '127.0.0.1', '2018-08-13 05:00:00', '2018-08-13 05:00:00'),
('14cf6b5f-45a7-4564-b515-fca0de4d6152', 'b2dd8e33-1218-48e6-b40e-806a03758919', 'a283eab0-2172-42ad-a824-e6642a3a4879', 1, 6, '1,2,3,4,5,6,7', NULL, '127.0.0.1', '2018-10-05 15:00:00', '2018-10-05 15:00:00'),
('15b79846-14e0-4a51-9a32-673737b88be6', 'e83e7229-75c3-4d0c-99a1-a5fd833184e2', 'da841b3c-5634-4aac-97f0-60d949258682', 5, 2, '1,2,3,4,5,6,7', NULL, '127.0.0.1', '2018-08-10 05:00:00', '2018-08-10 05:00:00'),
('1eeccbca-99e6-46cc-bb6b-f08339ef978c', '693b3a1e-e48a-425a-80be-33f8163be4ef', '37de317a-1721-4206-99c1-acfb3b7e5dbf', 2, 1, '1,2,3,4,5,6,7', NULL, NULL, '2018-08-13 05:00:00', '2018-08-13 05:00:00'),
('212a38a4-f9a0-4210-a5df-c53725915c6d', 'e83e7229-75c3-4d0c-99a1-a5fd833184e2', 'cc038d4a-b23f-487e-a984-752c375ac131', 5, 1, '1,2,3,4,5,6,7', NULL, '127.0.0.1', '2018-08-10 05:00:00', '2018-08-10 05:00:00'),
('2a1d3f81-a291-4d57-9d6e-5112220dd2e4', '05945805-14d2-4d8f-ad39-57b5cfb9d4e6', '8ffddbe0-ea59-4a60-a923-2ee04410c147', 4, 1, '1,2,3,4,5,6,7', NULL, '127.0.0.1', '2018-08-13 05:00:00', '2018-08-13 05:00:00'),
('2bfbe8ad-3a6f-4d37-b875-512727dd9824', 'f123fb88-020d-4477-ae01-4505573d76b1', '2c43a8c8-5757-4da2-8689-19047475d673', 2, 3, '1,2,3,4,5,6,7', NULL, '127.0.0.1', '2018-08-13 05:00:00', '2018-08-13 05:00:00'),
('2c5d24a0-88af-4a60-84dd-9c9354bdc63b', 'd761eb83-fbe9-44ea-a29e-d5acceea87cd', '3946a853-ae31-46a0-a8c5-529880a036b4', 2, 5, '1,2,3,4,5,6,7', NULL, '127.0.0.1', '2018-08-13 05:00:00', '2018-08-13 05:00:00'),
('2df6128e-42d2-4d87-8ce6-6a8861bc1662', '05945805-14d2-4d8f-ad39-57b5cfb9d4e6', 'edfec3a9-afa8-4d65-8ff7-c4b8231068c2', 2, 8, '1,2,3,4,5,6,7', NULL, '127.0.0.1', '2018-08-13 05:00:00', '2018-08-13 05:00:00'),
('3079d111-f116-4845-8eb5-85b759b92e4f', '98a323e4-c182-4925-bf10-597cf897e65d', '5d315324-9c16-4040-9a39-f61e41e9e459', 0, 1, '1,2,3,4,5,6,7', NULL, NULL, '2018-10-18 05:00:00', '2018-10-18 05:00:00'),
('30cdb8b4-d614-4f42-a804-2f378d1e940d', 'a8b22dd5-c25d-41ac-a64d-edb1ed3e2966', 'ea8e206e-a954-4abe-8e52-36d8bf46cf16', 1, 4, '1,2,3,4,5,6,7', NULL, '127.0.0.1', '2018-10-05 15:00:00', '2018-10-05 15:00:00'),
('333aef21-6c39-4f9d-b399-def5a8f8276c', '05945805-14d2-4d8f-ad39-57b5cfb9d4e6', '876cb735-47d2-4ecb-b19f-dc93cb1de4b8', 3, 3, '1,2,3,4,5,6,7', NULL, '127.0.0.1', '2018-08-13 05:00:00', '2018-08-13 05:00:00'),
('367664f1-41cf-4ad4-8494-212579c199e6', '693b3a1e-e48a-425a-80be-33f8163be4ef', '3946a853-ae31-46a0-a8c5-529880a036b4', 1, 5, '1,2,3,4,5,6,7', NULL, NULL, '2018-08-13 05:00:00', '2018-08-13 05:00:00'),
('385aafdb-2d04-424e-af65-918b5057295d', 'a8b22dd5-c25d-41ac-a64d-edb1ed3e2966', 'db734739-7025-489c-aaee-aa970ccbcc06', 1, 3, '1,2,3,4,5,6,7', NULL, '127.0.0.1', '2018-10-05 15:00:00', '2018-10-05 15:00:00'),
('39f20e3d-260a-4908-ad62-d620ad1c9eda', '89fe1a14-aefd-4592-9477-7732c6824bc3', 'ffcce87a-118c-430e-b3d6-6af8cdba3437', 3, 5, '1,2,3,4,5,6,7', NULL, '127.0.0.1', '2018-08-13 05:00:00', '2018-08-13 05:00:00'),
('3e50f58c-8634-41ce-93b5-c8bebb8bce46', '89fe1a14-aefd-4592-9477-7732c6824bc3', '6deaeb88-7507-473a-8fb5-f6193cd08dd2', 2, 2, '1,2,3,4,5,6,7', NULL, '127.0.0.1', '2018-08-13 05:00:00', '2018-08-13 05:00:00'),
('3f36624d-56d0-487e-bad7-fdabf644f027', 'df91e3ee-9be7-4765-9b59-1831e5b14655', '1611a8be-fca2-4d9b-ba5e-010915372afe', 0, 5, '1,2,3,4,5,6,7', NULL, NULL, '2018-10-18 05:00:00', '2018-10-18 05:00:00'),
('406974be-b194-40d8-9817-bd182667bb17', '05945805-14d2-4d8f-ad39-57b5cfb9d4e6', '979900d9-18c1-48bd-a417-c70216ab3e6b', 2, 6, '1,2,3,4,5,6,7', NULL, '127.0.0.1', '2018-08-13 05:00:00', '2018-08-13 05:00:00'),
('42433c54-93a5-4bf1-aa3e-a76f3eff93e9', '05945805-14d2-4d8f-ad39-57b5cfb9d4e6', '44ffb3b7-34de-4f22-bb71-1a2ab47f429f', 2, 7, '1,2,3,4,5,6,7', NULL, '127.0.0.1', '2018-08-13 05:00:00', '2018-08-13 05:00:00'),
('48870867-a2dd-4594-9771-bdf3e801a3af', '31d82dac-6577-4bae-a060-1eb92e9a1f8c', '833deccd-8072-4c5d-971c-1db319d85e46', 1, 1, '1,2,3,4,5,6,7', NULL, '127.0.0.1', '2018-08-13 05:00:00', '2018-08-13 05:00:00'),
('4e94717f-eb65-4562-8ae6-7eda483b0ff9', 'd761eb83-fbe9-44ea-a29e-d5acceea87cd', '2dff3cf3-3e73-4f80-b7b7-81fe3cc8e5fc', 2, 1, '1,2,3,4,5,6,7', NULL, '127.0.0.1', '2018-08-13 05:00:00', '2018-08-13 05:00:00'),
('4f8a2dd0-6e75-410e-9987-420ee877f0f8', 'd761eb83-fbe9-44ea-a29e-d5acceea87cd', 'e3de549c-f4d0-4c5d-8266-a883cfdd4b4b', 2, 4, '1,2,3,4,5,6,7', NULL, '127.0.0.1', '2018-08-13 05:00:00', '2018-08-13 05:00:00'),
('588d5696-60bd-455c-867e-af129eb520cd', '05945805-14d2-4d8f-ad39-57b5cfb9d4e6', 'c57a1176-49ec-4e29-9a52-d685e69545b2', 1, 9, '1,4', NULL, '127.0.0.1', '2018-08-13 05:00:00', '2018-08-13 05:00:00'),
('5a6f7661-afb3-497a-8e39-10d176cc42bb', 'e2f3bce7-84bf-4259-9d8a-c7797c66e2e1', '3e91bb3f-3d2e-4ca7-a51d-8c7a4d244d54', 0, 1, '1,2,3,4,5,6,7', NULL, NULL, '2018-10-18 05:00:00', '2018-10-18 05:00:00'),
('6e1b34ef-2eee-41f4-a1d0-79227af1de5d', '2b82c683-e879-4ca4-bcf7-2118e450cd07', 'abc97793-4669-4ce7-a770-71a7fe8d764b', 0, 2, '1,2,3,4,5,6,7', NULL, NULL, '2018-10-18 05:00:00', '2018-10-18 05:00:00'),
('6f12930a-3d65-4435-aeb7-dbf3338e839d', 'd761eb83-fbe9-44ea-a29e-d5acceea87cd', 'ffcce87a-118c-430e-b3d6-6af8cdba3437', 2, 2, '1,2,3,4,5,6,7', NULL, '127.0.0.1', '2018-08-13 05:00:00', '2018-08-13 05:00:00'),
('70113135-89e8-44e8-802b-f08abd5cebe3', '89fe1a14-aefd-4592-9477-7732c6824bc3', 'e3de549c-f4d0-4c5d-8266-a883cfdd4b4b', 2, 7, '1,2,3,4,5,6,7', NULL, '127.0.0.1', '2018-08-13 05:00:00', '2018-08-13 05:00:00'),
('70f6862d-80ea-462b-b7fb-bb2eadaf9b16', 'b2dd8e33-1218-48e6-b40e-806a03758919', '14c2764c-82a2-4d59-a514-3ec5a0048a22', 1, 5, '1,2,3,4,5,6,7', NULL, '127.0.0.1', '2018-10-05 15:00:00', '2018-10-05 15:00:00'),
('76b7e28d-bdf6-472f-8539-bff16b3cca92', 'f123fb88-020d-4477-ae01-4505573d76b1', 'e3de549c-f4d0-4c5d-8266-a883cfdd4b4b', 2, 4, '1,2,3,4,5,6,7', NULL, '127.0.0.1', '2018-08-13 05:00:00', '2018-08-13 05:00:00'),
('7b24b8f9-0739-4b2f-89d6-225ebad8fdec', '693b3a1e-e48a-425a-80be-33f8163be4ef', '2c43a8c8-5757-4da2-8689-19047475d673', 1, 3, '1,2,3,4,5,6,7', NULL, NULL, '2018-08-13 05:00:00', '2018-08-13 05:00:00'),
('7f90aa74-4676-4af3-813a-e917ece4485b', 'f123fb88-020d-4477-ae01-4505573d76b1', 'ffcce87a-118c-430e-b3d6-6af8cdba3437', 2, 2, '1,2,3,4,5,6,7', NULL, '127.0.0.1', '2018-08-13 05:00:00', '2018-08-13 05:00:00'),
('8056e8e0-1a94-420e-9d04-2f5321250091', '05945805-14d2-4d8f-ad39-57b5cfb9d4e6', 'b72c4498-d784-4468-b948-e88b9fe8f64a', 2, 2, '1,2,3,4,5,6,7', NULL, '127.0.0.1', '2018-08-13 05:00:00', '2018-08-13 05:00:00'),
('87af5596-f2e0-409b-b757-bcaa2f7d0a0d', 'df91e3ee-9be7-4765-9b59-1831e5b14655', 'd6ecde14-a46b-431e-93d7-ecbbb2bed989', 0, 1, '1,2,3,4,5,6,7', NULL, NULL, '2018-10-18 05:00:00', '2018-10-18 05:00:00'),
('88e9e13c-cd67-4440-9897-7504021724d5', '89fe1a14-aefd-4592-9477-7732c6824bc3', 'ee923050-2db4-44cf-84d6-9343f5d7c1b1', 4, 3, '1,2,3,4,5,6,7', NULL, '127.0.0.1', '2018-08-13 05:00:00', '2018-08-13 05:00:00'),
('8a4b9e51-197d-4725-b42e-aeca39598b2a', 'df91e3ee-9be7-4765-9b59-1831e5b14655', '88e1079d-1f9f-4ad6-a7f2-6bd43d18e377', 0, 7, '1,2,3,4,5,6,7', NULL, NULL, '2018-10-18 05:00:00', '2018-10-18 05:00:00'),
('8c5843a4-4ee9-4a9c-a497-e880a0029a95', 'e2f3bce7-84bf-4259-9d8a-c7797c66e2e1', 'ab241e59-1bbc-444d-b59d-49eb768b4981', 0, 2, '1,2,3,4,5,6,7', NULL, NULL, '2018-10-18 05:00:00', '2018-10-18 05:00:00'),
('8f448861-2310-421c-91cf-360e8fd4417c', 'f123fb88-020d-4477-ae01-4505573d76b1', 'd72e7c09-a9fa-407d-b82e-cec946340f7e', 3, 1, '1,2,3,4,5,6,7', NULL, '127.0.0.1', '2018-08-13 05:00:00', '2018-08-13 05:00:00'),
('8fe04362-c309-4549-8d50-9b25a8e364c7', 'df91e3ee-9be7-4765-9b59-1831e5b14655', 'c9ee8725-df8f-4efb-b2b5-e8f3729cff2a', 0, 4, '1,2,3,4,5,6,7', NULL, NULL, '2018-10-18 05:00:00', '2018-10-18 05:00:00'),
('9825f468-d2cc-4805-ab47-804cea7e659e', 'df91e3ee-9be7-4765-9b59-1831e5b14655', 'fe3b1621-c860-4f4f-994c-04fca06a4919', 0, 2, '1,2,3,4,5,6,7', NULL, NULL, '2018-10-18 05:00:00', '2018-10-18 05:00:00'),
('a66322fe-c67a-40f3-8d68-3f6ae738a2a9', 'e83e7229-75c3-4d0c-99a1-a5fd833184e2', '7ac88b48-98a2-4722-8376-de5af32dcb3a', 15, 3, '1,2,3,4,5,6,7', NULL, '127.0.0.1', '2018-08-10 05:00:00', '2018-08-10 05:00:00'),
('a921fe35-dba8-4769-a6b1-ceb2ada48ba1', '4e37ad59-ee50-48dd-876e-a711d3ef8f33', 'e20fe30e-aa3b-4500-bdfe-207e6d8bb10b', 2, 1, '1,2,3,4,5,6,7', NULL, '127.0.0.1', '2018-08-10 05:00:00', '2018-08-10 05:00:00'),
('acc00d84-4e1d-4ad9-be75-a84ac091ccc6', '98a323e4-c182-4925-bf10-597cf897e65d', '2419f224-6ac7-440d-b32d-3d172ecbdbca', 0, 2, '1,2,3,4,5,6,7', NULL, NULL, '2018-10-18 05:00:00', '2018-10-18 05:00:00'),
('b4ab76e8-8f54-4104-8685-d051a4ed8358', 'ec358c76-f92d-4c3a-9d34-6a79813cafce', 'ace988e0-1735-4258-97a9-441177a7c1fe', 1, 1, '1,2,3,4,5,6,7', NULL, '127.0.0.1', '2018-10-05 15:00:00', '2018-10-05 15:00:00'),
('b4c82de5-4e81-43d9-9384-b75cb28f4842', '89fe1a14-aefd-4592-9477-7732c6824bc3', '2c43a8c8-5757-4da2-8689-19047475d673', 1, 6, '1,2,3,4,5,6,7', NULL, '127.0.0.1', '2018-08-13 05:00:00', '2018-08-13 05:00:00'),
('bc37070e-525d-4900-8732-c5b90c60f5b3', 'df91e3ee-9be7-4765-9b59-1831e5b14655', 'b90f7b11-a722-47a5-a04a-9e27cdf10348', 0, 6, '1,2,3,4,5,6,7', NULL, NULL, '2018-10-18 05:00:00', '2018-10-18 05:00:00'),
('c580fa9e-b53f-4cdd-820c-f98e85dedbe2', 'ee5000d8-145f-40ef-bf32-835be99287ee', '30a796b4-bbd4-4d8e-9b86-8940a7b1bea9', 0, 1, '1,2,3,4,5,6,7', NULL, NULL, '2018-10-18 05:00:00', '2018-10-18 05:00:00'),
('ccb33ea8-9144-4ea1-829c-26004e3ed6ab', '2a5e604f-d51f-488a-bd53-45aa9c3110d2', 'dc75f070-5fee-4150-974d-6774ebf3e71d', 2, 1, '1,2,3,4,5,6,7', NULL, '127.0.0.1', '2018-08-13 05:00:00', '2018-08-13 05:00:00'),
('ce8c2f9f-6e95-43de-8479-b9fe04f649cd', '693b3a1e-e48a-425a-80be-33f8163be4ef', 'ffcce87a-118c-430e-b3d6-6af8cdba3437', 2, 2, '1,2,3,4,5,6,7', NULL, NULL, '2018-08-13 05:00:00', '2018-08-13 05:00:00'),
('d0bbce67-ab13-4e1d-8ef0-3ad04189563e', 'd761eb83-fbe9-44ea-a29e-d5acceea87cd', '2c43a8c8-5757-4da2-8689-19047475d673', 1, 3, '1,2,3,4,5,6,7', NULL, '127.0.0.1', '2018-08-13 05:00:00', '2018-08-13 05:00:00'),
('d1479d38-2e91-4d90-982d-794b3e9dc5df', 'ec358c76-f92d-4c3a-9d34-6a79813cafce', '45533e86-eb24-4f2b-9a36-1dd03111a138', 1, 2, '1,2,3,4,5,6,7', NULL, '127.0.0.1', '2018-10-05 15:00:00', '2018-10-05 15:00:00'),
('d45bb2af-8d7a-4797-a2aa-103e83481145', 'a8b22dd5-c25d-41ac-a64d-edb1ed3e2966', 'bbec7143-90b9-411f-a202-ecaa0069b43b', 1, 2, '1,2,3,4,5,6,7', NULL, '127.0.0.1', '2018-10-05 15:00:00', '2018-10-05 15:00:00'),
('da7fa1ca-adb1-4198-894f-e7dc805ad7a3', '89fe1a14-aefd-4592-9477-7732c6824bc3', '3946a853-ae31-46a0-a8c5-529880a036b4', 1, 8, '1,2,3,4,5,6,7', NULL, '127.0.0.1', '2018-08-13 05:00:00', '2018-08-13 05:00:00'),
('df792000-7ffa-470f-b41b-38167984903c', '05945805-14d2-4d8f-ad39-57b5cfb9d4e6', 'bd4af773-fb08-4057-9048-1fc14a875056', 2, 4, '1,2,3,4,5,6,7', NULL, '127.0.0.1', '2018-08-13 05:00:00', '2018-08-13 05:00:00'),
('e178ed63-60cb-46a6-b39b-71f7244d83c4', '4e37ad59-ee50-48dd-876e-a711d3ef8f33', 'c57a1176-49ec-4e29-9a52-d685e69545b2', 2, 2, '1,4', NULL, '127.0.0.1', '2018-08-10 05:00:00', '2018-08-10 05:00:00'),
('f33edcf7-8d8d-4049-a26f-1770bd0b197d', '2b82c683-e879-4ca4-bcf7-2118e450cd07', 'a7d6420e-eba0-4261-a3e4-8db1ae1b5912', 0, 3, '1,2,3,4,5,6,7', NULL, NULL, '2018-10-18 05:00:00', '2018-10-18 05:00:00'),
('f4f71d0c-c006-4f93-8756-73e197440ce2', 'f123fb88-020d-4477-ae01-4505573d76b1', '3946a853-ae31-46a0-a8c5-529880a036b4', 3, 5, '1,2,3,4,5,6,7', NULL, '127.0.0.1', '2018-08-13 05:00:00', '2018-08-13 05:00:00'),
('f62ca608-cfac-4b65-8168-36bf5bb5277d', 'a8b22dd5-c25d-41ac-a64d-edb1ed3e2966', '4f8c5072-8511-4a4f-a71b-0d4f34b25e3a', 1, 1, '1,2,3,4,5,6,7', NULL, '127.0.0.1', '2018-10-05 15:00:00', '2018-10-05 15:00:00'),
('fdba633e-ab68-4437-a93e-39bb6af6fcf2', '05945805-14d2-4d8f-ad39-57b5cfb9d4e6', '3fcb20ec-1b61-4d32-b6c9-a9c1937e4451', 1, 5, '1,2,3,4,5,6,7', NULL, '127.0.0.1', '2018-08-13 05:00:00', '2018-08-13 05:00:00'),
('fe1fc85a-03bf-463c-849a-68d9a9c88f97', 'd5d547f8-d5f5-4c37-b1f1-f3823e24bd19', '4825e3f5-2f8e-44f3-963b-0d6f37ce12b9', 0, 10, '1,2,3,4,5,6,7', NULL, NULL, '2018-10-30 06:00:00', '2018-10-30 06:00:00'),
('fe70e125-ab5d-400d-8bc9-00acf4727a66', 'df91e3ee-9be7-4765-9b59-1831e5b14655', 'f13898da-1eb4-47c4-89e2-8f38d009bc3c', 0, 3, '1,2,3,4,5,6,7', NULL, NULL, '2018-10-18 05:00:00', '2018-10-18 05:00:00');


ALTER TABLE `xxbdo_observaciones` 
ADD COLUMN `causa` TEXT NULL DEFAULT NULL AFTER `descripcion`,
ADD COLUMN `accion_responsable_fecha` TEXT NULL DEFAULT NULL AFTER `causa`,
ADD COLUMN `ajuste_ata` TINYINT(4) NULL DEFAULT NULL AFTER `accion_responsable_fecha`,
ADD COLUMN `hay_seguimiento` TINYINT(4) NULL DEFAULT NULL AFTER `ajuste_ata`,
ADD COLUMN `es_cierre_efectiva` TINYINT(4) NULL DEFAULT NULL AFTER `hay_seguimiento`,
ADD COLUMN `activo` TINYINT(4) NULL DEFAULT 1 AFTER `turno`;

ALTER TABLE `xxbdo_tiendas` 
ADD COLUMN `activo` TINYINT(4) NULL DEFAULT 1 AFTER `status_bdo`,
ADD FULLTEXT INDEX `XXBDO_TIENDAS_LAT_LON_IDX` (`latitud`, `longitud`);

DROP TABLE IF EXISTS `xxbdo_sesiones` ;

DROP TABLE IF EXISTS `xxbdo_roles` ;

ALTER TABLE `xxbdo_estandares` 
ADD CONSTRAINT `XXBDO_STDS_VERSION_STDS_ID_FK`
  FOREIGN KEY (`xxbdo_version_estandares_id`)
  REFERENCES `xxbdo_version_estandares` (`id`)
  ON DELETE NO ACTION
  ON UPDATE NO ACTION;

ALTER TABLE `xxbdo_areas` 
ADD CONSTRAINT `XXBDO_AREAS_VERSION_STDS_ID_FK`
  FOREIGN KEY (`xxbdo_version_estandares_id`)
  REFERENCES `xxbdo_version_estandares` (`id`)
  ON DELETE NO ACTION
  ON UPDATE NO ACTION,
ADD CONSTRAINT `XXBDO_AREAS_GRUPOS_ID_FK`
  FOREIGN KEY (`xxbdo_areas_grupos_id`)
  REFERENCES `xxbdo_areas_grupos` (`id`)
  ON DELETE NO ACTION
  ON UPDATE NO ACTION;

ALTER TABLE `xxbdo_checklists` 
ADD CONSTRAINT `XXBDO_CHECKLISTS_VERSION_STDS_ID_FK`
  FOREIGN KEY (`xxbdo_version_estandares_id`)
  REFERENCES `xxbdo_version_estandares` (`id`)
  ON DELETE NO ACTION
  ON UPDATE NO ACTION;


SET SQL_MODE=@OLD_SQL_MODE;
SET FOREIGN_KEY_CHECKS=@OLD_FOREIGN_KEY_CHECKS;
SET UNIQUE_CHECKS=@OLD_UNIQUE_CHECKS;
